original_RDA_identifier,equivalent_BF_identifier,date_posted_to_sinopia
fb913d0c-e046-454d-ba60-8e4e1bd5fe90,00c72310-a3d3-429f-bd42-e64cb05114eb,2021-05-10
5da0e125-c776-47b4-94e3-6d20c62763e3,0014ffa2-350d-46c4-bf74-40a8a3b7b91c,2021-05-10
a5ff0c69-2eed-4e41-9c46-70aa4973804e,048e0c04-c4c5-437c-ba8b-1d2b62b991b8,2021-05-10
bbd9f9f1-c3b6-4d91-b9f3-b3298f302aa3,00d0c3ae-e55e-4914-b5b1-62ff88430890,2021-05-10
003c0e59-9ab1-4fc2-8522-1a7b78601fef,66e8ad7b-d0c0-4678-8e7a-73db09e9439a,2021-05-11
018e4c97-fb45-4333-9e8e-6cc0584e49ac,cbc5ff2f-0652-425e-9ff8-28b6d13e2852,2021-05-11
032cba08-e735-425c-bc88-9433d2616226,70a6106d-0138-43d2-907b-94d0a4010a81,2021-05-11
0894a8b3-b110-4705-9cb4-9ae1009ab0a3,b38a0e85-9769-4eb0-acac-9168e127283b,2021-05-11
0a4ea663-988e-474b-a25e-659b935b65a9,e630f7ed-8b8f-4078-870f-d2440590c8d7,2021-05-11
0b6addf4-d44d-4502-a637-a50e70420b80,127e79c3-e19d-4089-9e1e-28674fe9692d,2021-05-11
0c687772-a7be-40e6-82c0-f00c4c59a319,bc302a12-2540-4b53-9127-f7a14f2613df,2021-05-11
0eca0437-74d5-43ee-a46e-f935800fd4a2,5b16f007-15ab-4970-8280-4d04dc23e89a,2021-05-11
1079c5c0-7ecd-4fb0-a090-f5a4bcabdf94,f67b40de-e115-42d3-a26b-be287841de70,2021-05-11
1204a5b5-49c0-40b0-b7ce-cdee99e8e54b,c17f1a38-1530-4446-a249-9edca04a41fa,2021-05-11
1383668f-9764-4092-a900-6d24dc7b6954,964addbe-d936-4b69-a890-3b362250292e,2021-05-11
15381424-2eda-4d58-ad47-b1029e784398,a7828f0d-f89a-4280-8d37-9196ae60eb4c,2021-05-11
16a61969-3b31-4e09-bba0-0319a13895d1,b9d5c0da-8c86-41be-8148-c8de6768fbd6,2021-05-11
16ac9fa7-4e65-44ca-99f0-c19931503e64,78ef406f-2e22-4fc2-b8a2-9b33f6ba28cd,2021-05-11
18435621-8e0f-4e45-b7df-890f0114d5ce,04f8a882-eac8-4817-8cc3-c0a147c8293e,2021-05-11
199fd36d-eb47-4a1a-849b-2de1549e24ea,4855decb-e61c-4d3f-8764-f64fe169a030,2021-05-11
1a09069d-8165-42ae-bfc0-f6b269b4d34b,0c649743-5192-4a5f-b195-b4fff10d5757,2021-05-11
1f90db66-a3f9-49bf-aaa0-ec3675df4027,f694ca3f-2121-445d-be1e-f578081f477a,2021-05-11
1fcacdb5-8245-4f0e-9900-0b080d38d8a2,2117c091-a398-4803-b9da-2503420e717d,2021-05-11
1ff786f6-7674-49f7-a4e3-23a15c18f398,b530efa2-bfa9-4287-8ed3-61e63d7bd595,2021-05-11
20492d30-7f5a-48fc-9857-ca975c586494,4ed75165-8e28-44c3-b921-e2ffea68da71,2021-05-11
204dc35b-d74a-45f6-ba66-ff5cbe3a75b3,11911a35-6639-4eec-8389-faf9dd8698fd,2021-05-11
20578541-d001-4b6a-818c-413ee8d77b4a,663c5408-a6a7-4030-82e9-c80d084ee4ab,2021-05-11
224f348e-85a0-4832-9d42-f779a37457da,799badaf-fd5d-46f6-9fe4-de631903ce4d,2021-05-11
2370edaa-0c6e-4d0c-baef-994235d4f86c,925db5ef-0515-4e4f-a29a-f59ce6bfd3ac,2021-05-11
2442f2d5-0841-4384-b08e-bd25c3a3d4e9,e8f984d6-e182-4c5c-88d6-7fb3139d3168,2021-05-11
24cd1b8d-48fe-43dc-95d9-d64df2032f24,e6a8a899-0c47-4475-9402-d54f4fce6b8d,2021-05-11
251393a8-33fb-44fd-827e-a75328c3fbaa,7e52c4d0-0e15-498f-957f-5de4ce693b28,2021-05-11
25406ec2-3893-45e6-b857-064fc606657d,146a1a53-99c9-41a3-8bdd-052fd4fd888c,2021-05-11
25a341e3-305a-49a9-8322-5a45a6227535,750ff629-d014-4048-be5d-01bcc24aeb74,2021-05-11
270833dc-b0e1-4402-a5fa-df97166839d0,ee0c767c-94dc-41fa-8731-21c6c621cdfa,2021-05-11
29aae6bc-a3e0-4dcd-8ef7-5340615690a2,5c53118a-51eb-46ac-b37b-7142cec016c7,2021-05-11
2b0e847a-5fad-4150-9612-aec9f9474096,0732fed2-9b0b-4b7d-a963-e770b31da0bd,2021-05-11
2be1aad1-4cae-4a38-82aa-896480e41a79,d00d37e6-0888-49bf-b47f-9c098f7ddda6,2021-05-11
2f6fce73-629b-4987-9af6-b496e4c8091c,cb5c93b1-92ac-47dd-9a95-4ec5f24cd5f3,2021-05-11
3c583cca-5a19-4774-bc93-bdcb63a34e09,1957547a-1831-4bb6-9820-0c7d8fa7ed7b,2021-05-11
3caa00f9-8660-4a48-bf78-373a235eeecb,c48cbd22-e8ee-4a68-a1fa-b16d2d81c1f1,2021-05-11
3dafb07b-ff14-4a67-b53e-822d97ad644a,793489a2-135a-4018-9e83-a90d98dbf39d,2021-05-11
3eb2f65f-7238-4b34-95ff-3fa36b67c667,63f64931-c161-4f53-b679-1a2cc4d699ef,2021-05-11
3f51c956-0a93-4dc6-b16c-cecee7693db3,7f02abb0-ab85-4f96-98db-edb78254f18b,2021-05-11
3fc91d7c-c5b9-413d-a0c0-4734672b5602,f0b01d05-10da-429b-9182-d039e6ae644e,2021-05-11
40a13f9e-9a28-4d20-91db-d6dab4284bf6,3e864cfc-dee7-4e7b-8157-65bf783dcf26,2021-05-11
420d9d87-de67-45fd-8367-e1c451ef725a,689708dd-4b01-4f3c-9dd7-e2539ff4d814,2021-05-11
4488232a-2514-409b-9a5e-95f423f1a1ae,283f4b45-f42f-4e41-a503-5faedc8d7844,2021-05-11
44978c67-bc3f-40a1-99cb-3f360ff4dde2,5887a88d-9d58-4af7-bf39-a4858fe7c026,2021-05-11
47396f92-ff77-4480-a26d-8e7c73b83043,df32498d-f0f7-42d7-a330-8ffeeb7415b6,2021-05-11
49412d8a-a5b9-4f20-b797-f78a927cacce,ea62fa58-3c69-49d9-b4e5-4a212725692a,2021-05-11
4a80857f-53bd-4aff-8ea3-29b5e936e4d4,111f123d-0d4f-4443-9c0a-821ac285a3d3,2021-05-11
5112fda2-2a63-4d0a-8b02-1e7da4ebd85b,eaa95c19-7854-4efa-ac65-edd03406a5d0,2021-05-11
53ac989d-d13d-402a-9f6c-03d165f91319,26f66d42-79af-41ed-ba05-e962dfd87fc1,2021-05-11
54c03745-0b0a-4211-8e50-c1a765be0309,0b1e4826-94bf-45be-8fc5-0eaa78fe1080,2021-05-11
54c76af5-659d-49c4-9486-18e693ccdb5a,3890f9fd-1fdb-477a-9810-f1d13f86e712,2021-05-11
563cdff1-ce5d-417e-a282-a98d710c1b14,d526a740-3d4a-42d5-afa5-37b9a33f09e8,2021-05-11
59020c14-ea04-4403-8d6b-2e3a8f48b3c7,74652103-542f-458c-aef2-56705830a1ca,2021-05-11
59122c7c-302b-4a95-9201-717356a1350b,69f9a856-32db-4443-915d-a951eacf56db,2021-05-11
5a35c300-05ca-407c-b72e-d482b9496493,851889da-4142-410c-85f7-f898dd42abc3,2021-05-11
5abb3bdf-0109-4b77-b984-f73900ae981e,9f8a2944-0de0-4f8f-9437-62194a10358a,2021-05-11
5ad4add2-2dc2-456a-ab7b-fa7678abba86,78e8eb8e-1844-4eef-b170-a4f141db5059,2021-05-11
5b20e066-5723-4067-a8e5-799342f90192,398b8d5e-c2d1-446b-9f7a-9df4f425ba7d,2021-05-11
5c8ce526-e275-4f74-93ef-0ffc56389cc5,bf046eb5-7ab9-4a0f-8cae-6f58ba5aa00e,2021-05-11
5f1dc2d1-1b6c-4c5c-a993-910c65003954,da1d8b81-4d6c-4f3d-8c6d-4471050fef99,2021-05-11
60b13770-473e-4dc9-bedf-de4e6c5130f5,99eab385-1ff1-49b3-9537-4855fc690247,2021-05-11
61231191-9b85-4ba4-aa90-42a64e6bac9c,e7b29432-c9c9-42bd-8e6e-1021fd1e3045,2021-05-11
64af3c0e-5fdd-4727-b207-2b7beeaeabf4,adcf123a-9fce-4ee1-850f-c92162f60d5b,2021-05-11
6997f169-0deb-4355-b64e-5485fe4a48b8,7058568b-4a48-4b8f-991c-40b76977404f,2021-05-11
6a36c334-c396-4dbb-b7da-9edf8de7a2ce,44664d6b-aa86-4d08-bbc4-046758dffb10,2021-05-11
6b974e4c-0d1d-4a7a-b750-a5d4cb54ffd9,50e42f63-02e0-4b4b-83f6-14208553ba03,2021-05-11
71b26abb-43ba-412e-a965-67e06fefedc2,6e3ffb1c-7f81-4f14-b56c-844a1d269307,2021-05-11
7580672d-ace4-4a41-b89a-8a0b8631e586,16f5518a-4b49-41a3-b2ba-29f8992821a8,2021-05-11
7931f622-717d-43ae-8121-ccffd0e47149,551d1ce5-2f99-46d6-9274-1494b4a15ff8,2021-05-11
7a9c8d69-4c3c-468c-aab9-0bee9026d145,34b1f4b4-aa49-489b-a7b2-215e0683cf4a,2021-05-11
7cffe198-f453-409b-b985-9d5660c7272c,cfb360bb-6ad8-4a42-9a30-e00e5d72e7c1,2021-05-11
7e1f6ae6-a6b0-493c-aeb1-a1fab52be1e9,86f9a9ef-5a38-49b7-af4c-5f778d329099,2021-05-11
7e72cdce-2517-4bd5-be85-5836273f0e31,38bab9c1-addb-45c7-9fb9-3b20c01577c5,2021-05-11
7f1ae484-c6e1-424e-9e18-a91e1c345161,dc66a966-661e-469d-9429-bbcc295ec77a,2021-05-11
82f4a21f-79c9-4370-b40e-16dd363466bf,89e04197-ab49-4f6a-bd9f-92914edea6fa,2021-05-11
86f61d7c-2742-4716-bb0f-9f2b82111548,22fe3f30-e4e7-4193-86d5-7d406bb46f70,2021-05-11
877155d9-bc9f-437f-991a-8a232932f580,f640e79a-163a-4714-b3b7-77af210a09a0,2021-05-11
88ae0700-dd55-4089-add1-314469a85c12,c2e163f4-7aad-4217-b505-3c5332c25ff7,2021-05-11
897e29fe-4ad6-4692-a890-f6657971ce22,120e35bb-c5a9-44bf-a5df-9f077a7bef06,2021-05-11
8a0d5042-8b2d-4287-b228-612e456f0fe5,a5a57146-e1ff-45c6-bae6-4f933af95a05,2021-05-11
8ab49fc5-0df2-4ee3-8c63-69cf51cf65b8,13cb118b-2f81-4a0e-b334-2bd6dfe0e35f,2021-05-11
8b96753d-1f7e-498f-b102-76faa7fc1061,6e0c8705-de58-48ec-b03b-3d54654b8210,2021-05-11
8ddbe5d0-a962-4c51-a249-9cf55a6c2a00,9b4a648d-9383-479d-b85f-97effcb62f02,2021-05-11
921f8702-2492-4296-ba11-c3315f76687d,3d6b6794-85a7-40e8-adec-0a74cb2f6f38,2021-05-11
94c8153f-01b0-42ad-b356-70f3bd64e6dc,7c057dde-acbe-4298-ac86-78827e4aed72,2021-05-11
970bb97e-7efe-4ac7-97cf-d00b868ca0d6,5fbb14a7-5039-4994-9835-4db834c245a5,2021-05-11
994efbab-6adb-4953-95e8-9a323436829f,209340ef-9d8c-416d-845e-13540ebf1b02,2021-05-11
9cd24070-1dea-44f7-a7fe-e5a917db49d9,c62a82a2-f85e-4f72-8e4a-3ea66ec51a36,2021-05-11
a03b533e-b56f-410a-aa93-ab002bfcea6d,7567aa91-0f81-4f45-972e-0d6c4ee6715e,2021-05-11
a1bf1c9f-f0ba-4af8-a05d-44ccb04a8bb0,9c30fcd3-e75c-4be7-94c1-aa52a0c80c54,2021-05-11
a2979f34-29cc-44a4-a1c6-36a4ab6b3651,09bac7ff-5c73-43de-9c6f-1e14c0ffb33e,2021-05-11
a3186ad1-a262-4206-a35d-9598b7f11d27,1f45540c-4453-49c1-bc60-13c41e58a6b3,2021-05-11
a36e9ced-6550-4bcc-b37d-aa7e8a0e123e,9bd8004a-3e5d-4fd7-ae8b-70776311a384,2021-05-11
a76ab4e2-10f9-4310-9b08-fdd89441355e,5fe7d2be-70f0-4326-8375-e357a4fb5552,2021-05-11
a806ceaa-4ec4-46c2-99c8-3f11c8cfa3dd,2cdd5c73-834d-4ddb-8406-35c6d73ec335,2021-05-11
a81c1113-d17b-46a0-85cc-7704dd582aa1,f9ab4918-4efa-4de9-b851-491c48d1b7c7,2021-05-11
a8592848-3759-4c1e-b37e-e56409254a3d,e5672e55-be75-4b9c-a8a0-fe9b5a814284,2021-05-11
aa5ff87e-c73a-438e-9f24-de999ba306d0,63967111-21af-4cff-b102-1260c8a8fe53,2021-05-11
aa768b65-ed37-46f6-bc5d-7608c71abe66,6499f418-3984-454d-a072-d0893399abce,2021-05-11
ad5a3368-f3e1-4872-8bb0-460ba65d30d2,b120e588-2977-4ce2-95d3-03eb07cde01a,2021-05-11
ada53d46-b884-45c9-b953-c17fa183ab4b,daa71ee6-7fde-4ae1-91fe-e91ff6a7400b,2021-05-11
adb96585-afda-4635-9862-398cca1d633a,fb545bb1-a1dd-4564-9ae5-410c1cac5ccd,2021-05-11
ae624b51-efc9-4011-9947-82f25fb9769a,e5a6b3dc-e1d5-44bc-96b7-1e3fb7ca242e,2021-05-11
b0127a34-291c-49de-b017-0d69c66716b2,9dca8518-8f8c-4f29-a07e-eb6a9cfa843b,2021-05-11
b725a4e4-1384-4158-aa80-01e0eba35c44,c06989db-3d73-4c4e-b952-b5ca378337f2,2021-05-11
b7d6a2f8-e217-4b85-a12f-ecbe75b409dd,fcd3a404-4afb-4dee-b963-df8262e669b9,2021-05-11
b7ef5c30-4e4c-459c-8361-2c371359894f,24d7230c-30c2-415b-b8bd-dee1725b48ef,2021-05-11
b868229b-4177-461a-b731-f36b95a73142,dda6fb21-7922-4b39-aacb-08fa35d4414d,2021-05-11
b8a70189-1a6b-4efd-99f1-0674a65052ee,5e7f47e4-d1df-41b9-9bc7-2b364f4ade13,2021-05-11
ba22d3e6-96c1-4538-ad95-ed3f3e3d8fdc,94c7b730-e238-48f7-af8e-0c6775009194,2021-05-11
bd6c8ad6-677e-4557-8877-cb387e7cbf8a,e9402fd0-213a-4c28-8bab-bbc47c7b8452,2021-05-11
bd9d343d-229d-49b9-9eb1-34367dcbfada,1b72bb7f-fa11-4fe0-b700-3e2b49bfe63a,2021-05-11
beda6563-6c55-4732-b383-713deafcfc73,d8ea166f-9236-4db2-a067-58fd9c46b6b0,2021-05-11
c2ca5abb-e85c-44ba-8403-0a53246fe27b,1c71a327-6f5c-4002-a44f-a945d411383f,2021-05-11
c37c7bef-54c3-445e-89b3-3fef71f350eb,75e3db9d-cb2f-4f46-a6af-bca85ac465c0,2021-05-11
c5ed4800-ab25-4fe6-804a-7bc84f67e719,9f8d19d9-6a1c-4d2d-929e-d40f809306bb,2021-05-11
c6edd386-5262-4bac-b6db-e1641879ed06,a2961914-e427-4077-b96e-4a82227e2931,2021-05-11
c83130f0-b914-4db0-979c-67db73330f0c,d350ea16-a0f5-4590-b322-322d1d1fa2ae,2021-05-11
d02e409c-bd11-4769-a3b8-b4f2242d4f82,af14ab6e-9036-4c69-8a44-7708f6595c0f,2021-05-11
d0d9f78e-05f1-4594-bdcb-b396ce68f618,b51e7648-00f0-4232-8981-8434b7091e45,2021-05-11
d72465eb-d1dc-4ee4-a30d-062c033bfbe3,b5143963-3f58-4a60-a6f7-c2b0234490cc,2021-05-11
da71d823-03f2-4122-8d5d-3e38df134370,1b6abe29-b048-4216-850e-48c669bf04f5,2021-05-11
daf92166-946e-406c-87c9-8466add886b9,82969148-6cc7-4a6c-adc2-78c83595712a,2021-05-11
dc28450a-35ec-4474-9793-689a582100a0,51f07b7c-a7fe-4edb-a01b-008b4cde6c79,2021-05-11
dd6d4c68-3985-41a1-a866-022326d8d063,3fd27e9e-ba81-4572-abce-311919e1b9af,2021-05-11
ded38c40-6e3e-4069-9849-2c29e769e8cf,8c0be856-52d3-42f5-93b1-b1cfdd4b7c76,2021-05-11
dfd296d8-6760-4d16-809c-cc40b425d06b,7d5c63b4-c4c3-48ab-b81c-d83e826b1dfe,2021-05-11
dff80804-5b2a-4d65-bbc9-7ebb0c01fd13,62d10f55-f827-4f11-ac90-cbbf934b345b,2021-05-11
e01ddea9-54f1-4835-a049-f70e64c888fc,d79a66f8-a84d-42bf-bc16-4bd81a47c947,2021-05-11
e357057e-1dea-4835-a404-518c1d4b7305,af834774-2627-49e1-abca-38ea68497d22,2021-05-11
e4ae0441-d2af-43e0-92c1-8a986d646162,acb85dc0-be54-49e8-8d7b-2cd2b9124ae0,2021-05-11
e5791eca-d02a-4237-911b-ad8e837f55be,f93272d0-f0a9-407b-9995-240e3ba747f2,2021-05-11
e66461ad-b82a-4d13-adca-4ee58e3cd231,564c7104-1fb6-48e3-af0a-8b25a2ac1994,2021-05-11
eb572713-b9fc-4090-bf89-c8493678f694,be562798-400d-4d28-82b9-5b8c988bdd3a,2021-05-11
ebd029ad-b852-4fa2-bba6-abcffeff8e4c,a1733547-93d0-4658-9bd6-bbe7aaf66ef5,2021-05-11
f015312e-8959-4f63-abc9-6f207aede0f1,0003c941-8ef0-4515-ac56-99d64f01e39c,2021-05-11
f04b52bf-fb1d-4189-a75f-7f5ed86bf543,a2cf9e18-226b-44b8-b1db-ad5294440029,2021-05-11
f0658123-0bae-4399-8fd7-c2404bcdc005,49ec73de-d14f-493f-bb56-2fccd8b948a2,2021-05-11
f3b38747-4060-445b-9b2c-52408cc16124,27c3a100-b6e9-4a0f-895e-42a7dc96cd3f,2021-05-11
f71fc6f3-f28c-4d10-a7b1-74379732d815,a8048500-bb3b-43d8-81bb-9bc6e8653ff6,2021-05-11
f74fb1b0-b7f7-448f-ba77-61dd753f43b7,beabd6b8-2063-46d2-bc00-042142aa4d22,2021-05-11
f95dad1f-f7f3-430e-b817-8fa9f9db8faa,6d32ff23-b6e0-4906-a3c1-fc541859fa6b,2021-05-11
face7c36-b484-4966-93ef-b7e99a783e28,7422d831-e18d-493a-a0cd-7097a88de899,2021-05-11
fbd8619d-f725-4991-8c72-8e47101489d8,b76f65db-c8bf-4db0-a5e9-c6612916c9fb,2021-05-11
fe9935a9-172e-4f4d-bafa-c7cc79894c71,586b7110-6451-4ea9-bb11-501e026d228f,2021-05-11
02c8be46-235a-4bbc-b18d-85065829236d,13326af7-5c8a-426c-8340-7e91ee0bc59f,2021-05-11
02fc5cda-9c05-4cf1-b634-382f76522b57,05055ecc-c702-413f-a495-18bd6fc7c2d0,2021-05-11
0409bd3c-3127-479c-b698-43d31c06546c,893bb8cd-b428-4c13-91d8-b9eff11918a6,2021-05-11
055719b8-ddee-48b8-aad0-3553d0752168,1f7c622b-b573-40b9-9b78-96c15135cc3e,2021-05-11
0a8385c4-35ad-4640-a702-0e285625eefb,997e82b6-34bd-4b6b-a423-900ecbf76edb,2021-05-11
0a873285-d181-4eb9-b2f0-17fadb2e583a,df9a3c04-1a9d-4310-bfe7-5032bf6b5b35,2021-05-11
0e468b37-033d-4ebe-85cf-5cdad4da9abd,73e577f0-e928-4b01-b008-76469430e23a,2021-05-11
0fdb4413-f1ca-4f14-b60b-06156c4e0c8d,decc2550-fa68-4492-8555-bf1c1f119157,2021-05-11
121557a5-5cf7-40a0-9b02-8779f201df38,5238b8ed-9119-45c6-85e5-1bf5529ec65c,2021-05-11
1225f60f-601a-4828-b0a2-5d406e9343c2,9dc4edf9-5ee6-44bc-b6a9-7601ba034761,2021-05-11
17a6bad6-7889-416d-861c-0e1cb3dcc618,2455ee6d-43a3-46ea-bd80-c5aeb58a66b8,2021-05-11
17d1cc4b-9d87-4ee0-9568-36a23dee7385,0e82c556-59a1-405e-915c-06a36c88799b,2021-05-11
17d556c7-3b45-4903-ac30-d74ddc57718a,2b867a59-7a35-4d22-9fea-ba6b2404bdf7,2021-05-11
19e8abd4-f1e4-47b6-afa0-7da404615a17,1d27c4a0-7d80-4b27-bf4e-8ae1a0cbbfd9,2021-05-11
1b238b17-3bd6-4820-825e-a5fcf0802470,241e7a86-923e-4d81-a6ad-2ed3f26eb40e,2021-05-11
1b711e5c-66ac-4298-ae7e-0f8ac6016dec,227849d9-6b10-489e-baa5-be8304873369,2021-05-11
1cdb84c1-a494-42c7-8fc6-abf6aa8b9769,ab6ea349-28e4-4248-bc70-eef828d4226b,2021-05-11
203252f2-2591-43d7-91f4-f6f60535576c,d7724acc-2faf-4deb-a4c9-699692166451,2021-05-11
20b48468-c869-4c37-b4f6-dbd46e6d8450,29f10f6d-b0f2-42d9-9253-e6804539bc28,2021-05-11
22909bd1-6249-400e-9b5a-3a46895698a2,b53e998c-fc67-43c1-8157-24c15b81e157,2021-05-11
22ea168e-2587-4838-838c-bc2f8ce53103,76a04b61-7f49-4136-99b1-d19378707743,2021-05-11
23b57fbe-1da9-4703-b6f7-fb30bb8af376,100545b9-0444-4452-8730-590d506993fc,2021-05-11
2591250d-3dde-4f8b-b0da-0d0ead2d45e6,d026781c-40ac-4bec-a4c7-e2df17caeed3,2021-05-11
270f4eb6-8148-4bbd-9910-09475340cffb,b5028e62-59ed-47e7-96cd-92048b0dff66,2021-05-11
27a9720d-4d6b-4656-bf50-2ed39776d38a,77e4799c-a727-4965-a293-d86a9e7595a2,2021-05-11
287c0864-7afa-4f15-b811-7fe191e9f8a9,1dfd8828-7cd4-4efc-9ce8-edf9cb765148,2021-05-11
297230ee-19ed-4ed6-934c-eabe32d07911,1d44dc2c-4016-4888-b5ca-ff402a7176ce,2021-05-11
2d2cdef9-c690-4537-b2a4-f0da15e57d77,f283fbad-0b5a-4afc-abf8-d88f47b2e590,2021-05-11
2db1659f-9aa2-4315-b4aa-b00a69c4f3f2,340a8a08-3546-4ff5-874e-d430162c576e,2021-05-11
2f419e71-0aef-4924-b284-91a61bc4e953,f0a46442-41dc-4972-88b3-8e6ddd40e54f,2021-05-11
32ed7aac-229c-4b07-b568-f1e8e6f9ee37,108b604b-5e74-4943-80aa-a2f4f169474f,2021-05-11
34884ecf-896b-4817-8dc9-1c4a1ca98c38,841785ac-e5b6-4313-a4bc-6bc986ca9f70,2021-05-11
35cb8e9d-d251-4c91-bb76-5a4924dc597a,9cf6e330-7694-453b-880c-4803c8c5ccad,2021-05-11
3707b060-c28f-4361-88a0-f2854890bd85,71182e43-5318-4093-a310-701304eafafa,2021-05-11
3b3a6019-a83b-434d-926f-135078efde5e,27b30f17-66bf-42a7-af0f-18d828a24882,2021-05-11
3bf67b0a-e76b-4f36-afbe-89933acb89bd,d99094fd-3fb6-4ae3-abad-693d9712f2c9,2021-05-11
3cbf69c3-822e-47e8-bf7f-6f3429cd6abe,df2698e8-959e-45df-b567-ceef7ea2bd94,2021-05-11
3d6fbc01-b25c-4145-8293-5c4bc68f9ffc,590ece74-274f-4b21-8269-d1f55850d566,2021-05-11
4068c481-1b0f-4d3d-8c59-cfa4c8dfa124,c971fc71-e862-4d1a-96bb-b3066c4f7a63,2021-05-11
4076d7bd-e965-461e-b213-483f0a14ea6c,943f9fdc-bfaa-4d30-b1a4-71df9d650d24,2021-05-11
4090de90-1df9-4e92-bfc5-8d22c2f8eaee,976b8f86-46c4-40cf-b0a6-e5d36fd95425,2021-05-11
41b29c94-25c8-4566-9287-34c3d5fc1809,dfc82859-cbd8-4608-b97d-a80d84f3cb22,2021-05-11
42bcdb3c-5c36-4970-9cc0-851d5bef0baa,0d299389-e1e4-470f-ae47-249c9b18698c,2021-05-11
454c764e-7531-4d0e-9b40-568860445626,572abac3-8341-4566-8259-efc931cb49b2,2021-05-11
45df3fee-8071-4e32-8de7-b2dbf0a492f9,c5311ad3-323d-48e0-8740-a595da7a525b,2021-05-11
46865484-c1d1-42ca-9f42-c73a4c546ad9,2ff7d429-b723-49ab-8b19-3d7cd50e670e,2021-05-11
46ee55f3-68fa-4a86-a614-a8a0f850c27e,e31dcd42-1ec4-4594-9217-5c0803160ba8,2021-05-11
4820e1d1-353f-4baa-a1b6-980eaae469e1,4212060b-498c-49b7-85d9-8cd4e82d8f0f,2021-05-11
4a9ec86c-8209-4ac2-8322-bfd27db73edd,d4e2caee-f923-42bf-92bb-27e5bb29004f,2021-05-11
4ea0c284-f575-4e3e-b2a3-84f1b623f0e8,2f4d1d8f-a206-4302-8c53-8e4174bdc932,2021-05-11
4ef39050-3af2-4a3a-8ea6-61a379d7d0e5,98130f0b-02dd-4158-8e53-c007ad708440,2021-05-11
4fc5c2d4-ec52-43b5-8721-58047a602802,ca01e65f-ca76-48be-9e64-1f3712d2c2f0,2021-05-11
50a06a60-3366-46a9-85f1-dd879b7765ed,eb3ca281-a229-406d-8e80-e3786bf957d7,2021-05-11
51ec4ece-0d37-4d3b-8334-61b8ecd8eea6,0b51711f-2018-4e5f-bb66-4612103a9be8,2021-05-11
51f63541-0493-4fcf-8320-2dba1ad3fd0c,b661b0ae-979b-4836-8a3d-7e61d0a30344,2021-05-11
52a0ccb7-3ddd-4731-9c19-9074f388de8e,fa653057-b48b-428f-9e06-5c4ab0641a9c,2021-05-11
52c3b570-ab8a-4989-8eb9-28f2dcffb65e,75e7fc3e-10ba-4a6f-b7f0-bee09a197a05,2021-05-11
541a0131-f24b-48cf-800a-0fc9616a0622,cd9fe72a-e5ab-41c3-af2c-307aba3b65d6,2021-05-11
577201d1-2df3-4425-be52-8430cd8fd6fe,45645013-b0c6-461c-9d69-389dbf8732ae,2021-05-11
58d212a6-6925-4152-952a-380261985a88,67f2f809-3ddd-4e28-9e25-fc9254239ebb,2021-05-11
5d2884c9-42b4-4236-b855-4b8e1c5e4671,584f8390-6d19-4f5a-a73d-40494fd3bb03,2021-05-11
5d3cbee4-5cbc-4ce6-98a8-302c6d7833e5,e64ec937-aca6-4b49-8751-508fd3e5fa27,2021-05-11
5e7ea9c5-28be-4ccc-ac1f-eeafa8a5d61b,f432a493-1c93-4194-92cd-df7a9fdaa3a1,2021-05-11
60c5bb24-c721-4dde-aa2d-ff7ea07a6884,f18fa302-f098-4844-a588-73d2e646071c,2021-05-11
634feb94-394e-4860-a41d-a4e2f489a931,b719ab54-865d-4a81-b026-0a60d3fd958e,2021-05-11
638b68df-332d-4ded-9408-9602a8299e71,e15179af-481d-4a94-984a-e6647a68db8d,2021-05-11
666f03ca-448f-446e-9228-e9efd584077a,a90e29be-e977-4d5f-a18e-404531ac68ba,2021-05-11
66bf1739-a7f9-449c-9009-481068dcb50b,02aac539-c799-43b3-adac-11a6520dbd9b,2021-05-11
69fc88d5-620e-4d6d-981d-4d24f011f0d0,82f25251-4f41-4260-a4f4-fb9c3e52df33,2021-05-11
69fe0017-13d5-48bf-882a-8de1db439dd4,a29a9f3d-7599-4e28-a920-7787c3aefe6f,2021-05-11
6b8dac8d-bcad-4af9-b3a4-bbe4b0886d2d,1898d43a-96bb-404d-8345-9c8f673c2088,2021-05-11
6f37ad8e-93a0-40d2-b43e-1f7cc9e195b6,945dc867-f369-4f9c-8903-3fd066f5b236,2021-05-11
6fa80990-31fd-437a-9a67-aedc27489141,cc304f84-9368-4308-8182-6b366f44a3b6,2021-05-11
700dcd07-2ba5-4360-80a0-75339178addf,33246306-7677-4783-be6b-6a4603fb6ae0,2021-05-11
70de702f-3bad-492f-b4d2-1d22ff31a09c,cc9898cf-9fe1-4d4f-881a-c2ec9799dcfc,2021-05-11
73f6a5a5-53f2-4067-9c7c-5200ab8efb85,5968bef7-89c8-4481-8694-20ec163ee93d,2021-05-11
74959199-9271-4353-844f-4819ba4f3f14,8c6933b6-07f4-4a54-80fc-c8826c55a5b1,2021-05-11
749ba546-5a3a-4f31-bbbd-3a015adbd36a,5c8111cb-a64d-4585-921f-4acf6b6ee7d8,2021-05-11
74e37d6f-e45b-4f88-858b-e0f8ffd1937a,7bcb65e2-6afe-4e4a-8a88-e0148a8c58f1,2021-05-11
7a1ce84e-ce37-488e-91fc-a21f24f09248,2ae70758-359a-4271-878a-e925a5382fb5,2021-05-11
7a3d4f26-0cde-4a1b-8a2c-f36070e7499d,1ea3896e-ad16-4a3b-bb7f-334860896de8,2021-05-11
7b05a65a-8b90-46a2-bc23-4fd434cfb36d,d91ce36f-6071-4a1d-9e51-c878cd71f73c,2021-05-11
7c2c6757-3047-494e-8b13-2acc2ae54060,381a4a5e-f40d-49e2-bb1f-75e5927cebf1,2021-05-11
7da5a062-e2cb-4c8a-acd4-2e600340dc83,cd07d19c-f592-46cb-949d-8e333c431931,2021-05-11
7e1467c7-83bb-41a5-8bd2-aba07d336fd4,ad1d3ee4-b257-4acd-a4d0-cca8f598c566,2021-05-11
81141d70-53d0-4864-ba9a-492ba667af87,8d3d1f1c-5241-47fe-b3cb-5d8e74781385,2021-05-11
819654ab-832c-4866-8f4d-450f42c7fbc9,b9b1b877-fd5d-40d0-a135-a67e62430c89,2021-05-11
8c86c5d3-08d7-4b88-83fb-e74283a6fe3e,9cad34ac-5586-47a0-880c-c11ccbe03fed,2021-05-11
90ecceaa-a3f1-4cdd-8e61-96d76bd1b160,10f5f607-cc54-4dd2-86c9-8c3ff874bd9e,2021-05-11
930a9778-6a1a-4980-bed8-caa3ca055775,b249822c-b4bf-40ca-9f3d-24710aa85d23,2021-05-11
95cb73d5-927f-41c2-9546-9b041de95bf0,cd38bf9b-da84-4bec-99a7-b82422b884bf,2021-05-11
95ce0610-1fac-4fbf-9f51-25fb002fd035,d72e8ac8-7722-49e1-b078-13595d622235,2021-05-11
95cf5ef7-0942-4efc-af5e-b9301d3280d0,32b576fe-cd32-420b-bf94-860f3f7d3bfe,2021-05-11
97fe31f3-dcc8-40d3-9f70-508a03abd48a,98f21c49-e45e-40ac-8323-b37092ed0411,2021-05-11
9925a8e6-ed73-4817-acbb-e844b70df187,ba638789-1354-427b-8bf6-6caf2c68afe8,2021-05-11
9ba5fa01-639d-4f65-a8f5-6799c0132f1e,697af712-3d43-4e5a-a87f-72349e3256f3,2021-05-11
9da40fe2-ab05-45b2-90b1-16d80d252e0b,3e68f8fd-941b-4a8a-8aff-0e4f02cca860,2021-05-11
a082ce4b-8133-4bb8-8deb-ad8e6a2a7faa,4c791152-514b-40e5-b4f9-96dc8ae8fcd3,2021-05-11
a32b42cd-8d13-4301-bf16-fef767049670,618232eb-cfc8-479c-a485-043cc5e034af,2021-05-11
a3992457-b75c-4237-baf2-c9c249e81e2b,3a2ce7da-2039-4ce8-bee8-3cebcc53a406,2021-05-11
a437ddab-f9c3-47b5-9acc-e20802c71e41,7c952071-7f3f-42c4-8743-656aa5b8fce3,2021-05-11
a5e2f0f4-d441-4b7e-ad45-2af468d6bf56,3517f674-740b-440e-b5f3-3b4b0a33c357,2021-05-11
a7a8b4fa-c730-4b24-ac39-0ada60ce6b9e,7e8c0c81-c8ef-4337-933d-7893c358df6e,2021-05-11
acd98131-e252-4adf-8000-84758282ea95,4bbfe828-3c07-4536-9a88-87fc9f0b7f17,2021-05-11
ad4838ea-b5b7-4cdd-9bab-cf1f5d51217c,67dbc63c-1c5d-4f96-9060-e22c5a0db92f,2021-05-11
b09a2eac-c2b4-48fd-8d10-c2d99f0e1679,4e519bfa-90d9-4192-9535-e30c55a8569a,2021-05-11
b109860f-1a89-4dda-b922-f06701f448f7,89ffe8db-1191-4cfb-a0c5-c8fefabb0c23,2021-05-11
b1e9039f-d398-4d88-bf47-4e85591ee3ba,b4cb92de-fade-42c8-b2d0-e19d0a65d4d1,2021-05-11
b4c95cf4-9223-4c1a-9978-7428819d628d,d78a1d0b-ac1b-4809-8b96-b0c34e1430d8,2021-05-11
b93c29a6-c7ce-494e-8737-058c20839c9f,41063f29-136c-460e-b65e-6c4772af7bd5,2021-05-11
ba1a8a21-4341-41a2-92ff-6fdb1f4e9360,2f626ca8-4250-44ec-8e53-b217cf8d290f,2021-05-11
bba41063-cd99-485e-b7c8-9061f830a331,b2c560af-2c72-4aee-9e5a-56f7f89f374e,2021-05-11
bd941aa0-25fe-42f2-b8e5-fca14aece262,0f439cf6-8b70-427b-a893-d0895ab79362,2021-05-11
bf2d6519-6dd3-4726-bd7b-78dfdb76e746,0ce30300-3e97-4c11-b34e-570f9264c6ab,2021-05-11
c965bfd3-c20b-4bda-bcc5-72d644920712,3d8e6670-7f73-4119-908e-6c84b117abbf,2021-05-11
cbdf54d0-100c-431c-8278-dc1cc1fcc792,10c01e5a-2868-47ac-a02d-b81246edb650,2021-05-11
cbf47d3c-7555-44e8-bca2-036018a8b4e6,839b94e8-2d4d-4ca1-99f2-4b69f4e5abc5,2021-05-11
cf9aaa08-ae28-465c-85c3-75cc4584f182,681278f0-1f5c-46af-8f60-8eb0d928eacb,2021-05-11
cfd5e301-ed10-44a6-94a0-3173e60a1bf6,22b592c5-f5cb-4650-8eb3-6ec69b4446e5,2021-05-11
d0e83555-868c-4d03-99dc-8ac323bc2c2f,56987474-5092-4906-9e30-e1e749498f7a,2021-05-11
d21e9509-d5ce-42b7-95b3-25042867d2e1,01492743-03d4-4935-ba5e-cd5c9c563765,2021-05-11
d21f1469-3e8b-40c9-8d9d-db575649c681,28437bc3-db81-4e83-982e-c16d3a868648,2021-05-11
d24c241f-ff54-41d2-b0cc-3f4780c07bcc,576b3e7e-4882-463c-9d9b-cac5739cc331,2021-05-11
d56a55e0-2f0a-4746-9451-8d76a4e9398e,5733b185-e984-480e-8a9a-d8dc03adc49f,2021-05-11
d74aea53-c6ae-4a7d-ba68-68d102b13294,f14872e2-7eb8-442a-96c4-1baa1fb6b975,2021-05-11
d8467d26-1254-49e9-bdfa-6d7688cc4cf5,5843d1b1-8f30-47e4-941a-85a76e9b07cb,2021-05-11
dd916f10-1f4f-4477-ab9a-e644aeed88c6,40b9759c-1b09-4b97-a49d-6accdb62985c,2021-05-11
ddee57d3-5e03-43f3-ac3f-673231e23928,fc490fc9-f6e3-4039-8225-a72d7f5c101f,2021-05-11
df278766-2f0c-4a94-9017-13774ea22130,0f92c6ae-e57a-4f2d-bc83-f30c52a44cd1,2021-05-11
e0319987-d987-44bd-b2a8-ef01507ad6a3,c9655f3f-ac59-46fe-8213-6d8c8bcb9bbf,2021-05-11
e3d822cf-40a7-44f7-94c6-d1db4bec124b,7d67632f-32c4-4f06-af03-d941ae964994,2021-05-11
e5327b04-32e0-4177-903c-a54d56438353,afbe58c6-64d9-4ca1-952e-c7d55ca271c6,2021-05-11
e60cf078-d569-4c6f-912a-c4eacc848a4b,ab704ff7-5fdc-480a-9780-05a90270c103,2021-05-11
e81fff3a-c7f7-4edc-affb-2130397410b1,5a588fcc-8266-4a35-a3de-f41b61ade07f,2021-05-11
ec0e6f7e-9c40-4c7a-b610-fe949fc8753c,b0b382dc-17b1-4552-8ef5-5b3dc00dbf0a,2021-05-11
ef16e337-20ce-49c1-ac66-241ca3124c15,cca429f1-9677-4f06-ba7f-2e5ec35dba03,2021-05-11
f20b0696-86e9-49f4-8ade-fbfafef03e12,08fa0c56-2155-4016-a282-942331863434,2021-05-11
f477c113-52c8-4372-954b-890326c58ced,665360e3-4f7c-4b94-8935-c9cedfb78553,2021-05-11
f6f897c5-47d7-4899-8c92-671c438d982b,d5674547-ecb9-4907-acbd-d85355786775,2021-05-11
f935a8b4-b9f3-4a2d-85d1-532284ce9a5c,5ecef20c-0532-4e9d-ac5f-605630052a9b,2021-05-11
f967ac1b-60c5-4fa5-99ca-6aa04ec6d0d3,e8224da9-1a18-4814-bfc8-fdaf89d22357,2021-05-11
fca1c8b8-03aa-4e09-ad2d-5df26c54baaf,fabf645a-e317-4605-b611-f2aabfb11469,2021-05-11
fe32d648-1895-413e-8115-a45d48c8b9da,9197ccd4-db2d-41a4-af93-fa0cbc463fd1,2021-05-11
0010d9b0-ec29-4ab0-b25a-9a1a87108dd2,7b18a008-ccff-41be-b0c1-fdaaf29a2f5b,2021-05-11
0377c12e-91af-43ee-8e04-d2e8f7915be0,efda2087-dd13-48d2-b119-8e6ad3a9dbc9,2021-05-11
06362edc-8f38-449b-a23e-2fffc0374ac8,bcba95bb-5b7b-4b00-acb6-768f323d6b18,2021-05-11
081097d8-27b7-4fb8-a6ca-fb280d818f11,3f375301-a276-4fa3-b642-22487733062e,2021-05-11
0940b8c3-8130-410a-b1d5-29b5b9e3b8d1,d2cb0199-4902-45d0-86ef-976d2b68eb8b,2021-05-11
0b5f373d-a838-49d1-9f92-b65522c741a5,6becebd7-1dbb-41e3-ab71-5030d87b8fbc,2021-05-11
0bcb899a-60c9-43be-b571-f4f8c496e89b,f9250bc6-2680-42d5-869d-bfa5a9c52b16,2021-05-11
0cd6f58e-faac-4a54-a962-2edb8fed4592,e3f3f48d-3caf-43a6-8953-ba0f9c4d19ab,2021-05-11
0d1f4ee2-ed20-497c-a589-916ab694008b,05499cd5-9dbd-4424-b9cc-37283b815fa9,2021-05-11
0de3eaac-0788-4d62-bd45-a9149e30e88a,3fdc579d-84f7-4212-baed-3a3e719f629e,2021-05-11
122bb30a-d69d-4056-875a-b0159800f5a9,11099eee-2dc9-42b6-b636-0fd6d25013bb,2021-05-11
19b551ac-893a-49af-8c1d-23e0bee928d8,57eb6e15-9031-4001-b00d-764654798fee,2021-05-11
1a91cb54-3b13-42b7-8cef-bb8310760a91,559ac3ff-07bf-4625-905a-85440c061ac6,2021-05-11
1bec6764-c00c-4f92-a227-4ddac14811e8,20a765dd-e933-4b68-85ee-67cdf5c9ec11,2021-05-11
1bf3aa2b-60cd-4b36-9d94-8ecb27d1c7e6,88d3f102-c58c-4405-b69e-663fc1d05955,2021-05-11
1c3d0fa4-c77e-43b9-bf78-2eb24c3bd516,7656cff9-5c37-42e2-b2ae-e78a368f5402,2021-05-11
22b554ca-6b46-4153-aebe-f573d5266de7,b3364c80-b8b7-4d43-9848-f6fe2f6a1f58,2021-05-11
22bd4cca-654d-4df7-8670-c06e6de47ba2,2d9790e3-a50c-4413-afd0-00d983633954,2021-05-11
22c4bb2a-2de5-4627-bba2-d618605d9d42,20c9559a-caf4-4bf3-a261-079dc7d88a5a,2021-05-11
2364b9e2-5c7b-4bb6-81f1-219a045ad614,6d84f5ec-ed37-41d1-8eae-c144490054ff,2021-05-11
239f95ad-00ff-4c7c-99b3-18acb567d312,2ba3cc7c-d8e1-483c-8f2b-f741f6556281,2021-05-11
2616e60e-7a10-4141-b516-174173a1bde4,ea5a2edf-f6f0-437b-94c4-19f14226882c,2021-05-11
28838fda-3a72-4237-9c6d-ae11188b241e,c5b41673-5085-490f-a279-ba3008dc69ca,2021-05-11
28c01f9f-2502-4488-a144-71a31f21d0d4,c8759d1a-a736-424d-8ab2-bb02220b019a,2021-05-11
28d3b581-08e7-466b-870c-a0e7e8e2ad20,aac67fd7-0ea4-4622-ae15-a5f7d5523323,2021-05-11
28d8851a-0d94-48f5-a7ca-b7584376d16f,f414d6f6-9f41-4419-9fd1-3d37bc678759,2021-05-11
2b271fd8-9e0c-4aee-9c46-89f2fc274609,5aa489c7-4c13-40f7-a507-4a7a16cba583,2021-05-11
2c19725a-49ae-45bf-b776-95ce1dbda6b3,3a0894c0-9a22-428d-8e44-d4eae75791c6,2021-05-11
2c54c399-b393-4c4c-a79c-9f2ac5a31b0b,593e9e73-d44d-4fcb-a3a3-4612a60994e7,2021-05-11
2c6c1dea-9a2c-4577-8895-230264ea9028,1860f48a-1824-493d-8270-7c7c0d730be0,2021-05-11
30d6a876-bb4e-44a6-b91c-7c2aa2fb43bc,c9655e7e-d449-481c-b83c-1311db5c993a,2021-05-11
326cdf4f-38dc-450c-8fb4-2156ce6a6b20,d195ebfd-a1fe-44d4-a1d5-fd8c79395f9d,2021-05-11
327694af-5194-468e-a68f-debab7cfc91b,6fa77ac7-0552-47a4-a743-27cc3a5592bd,2021-05-11
327a2ec3-dce7-4b15-b00f-facd907a0751,dc62d127-b397-4bce-8143-5d66b5055171,2021-05-11
35dfd27d-237e-4ab2-af3a-91d96f3bd9a4,a3dbbf70-5610-43b6-8d9d-545459cac620,2021-05-11
37d584c2-5bc1-422b-bbbd-e1226c8e139e,77cacd9e-39e4-4619-a387-fd7a8cf44bc4,2021-05-11
3921a728-e4d6-4d88-9dfd-cf17b1768ebd,0308c0c6-3288-4722-a683-e66cd6cf149e,2021-05-11
3a60f2a8-47e4-48d0-9722-3c5582b72a41,800a2372-6001-4741-ba02-b0205c083500,2021-05-11
3ae462fd-27e3-4b13-8127-0c0bdb016fc4,77572afc-f8c9-428d-90ee-f01234b2f5c8,2021-05-11
3bd557b7-1207-4617-985d-ac84e8a62634,89d51b54-7451-40a4-b966-b3761b70ff19,2021-05-11
3e8e8d5b-d6aa-4050-9470-8dc0f286fa94,7403e516-6a0d-46b0-a78a-e4946a487107,2021-05-11
3f37d02f-464a-4d85-8604-ea6a6e8534ad,5d1b8769-66b5-471c-9c1d-b95903e22aeb,2021-05-11
3f90ecf0-f15b-4426-8d85-23c3d2ce341c,8be71e4e-d24e-4906-9f0b-0eedbc81ea69,2021-05-11
40145a5f-2c0a-4a6a-924c-af9efd105615,3934ee78-8555-4fca-bf15-192a3e92b1bf,2021-05-11
438f1195-99fc-4c5f-aa8a-9a813131924e,1fe127b2-5bb5-48f9-97b6-22263350b824,2021-05-11
467afd22-6682-45b9-8ba7-a0e87b0c09e7,ae4ed6a1-c8cd-46f6-9d8c-4818e635935e,2021-05-11
4806ea2e-ac6f-4177-8162-20e922436a11,53f922a5-3dc7-4619-a612-baabc13ebda9,2021-05-11
4aa945a6-3fde-44e8-a2b4-bd7eeb7c5266,176de35c-c9f2-45ab-bf62-6955cb6d8fbe,2021-05-11
5082630b-c92d-492b-9e5a-5419d26d6dca,3dbcd2db-3490-4330-8b66-c56c2c81d016,2021-05-11
512a903e-0856-44d2-83d1-ee0512df8e90,c74ce17f-2706-4d56-b434-4021b08d97d5,2021-05-11
539ec249-083f-431c-a093-bad2aab21886,0d82f28b-d32e-4644-bb32-81edaeb666d3,2021-05-11
53b37d1f-2aba-4564-846c-2403a77a9e3d,ee2ddbd5-4aca-49de-9b1c-748f947fede0,2021-05-11
53cfeb78-aa5c-4256-a463-358ca04520e6,5b24272d-cade-4e7f-89c6-ad070de3e629,2021-05-11
5742a9a1-07e0-4e1e-8a25-b2c3ee6be438,b4d97ba4-f3a6-4711-a2dd-08b088f8798d,2021-05-11
5a6b2877-a6a8-4529-a9dc-827b0e5c4123,8028070d-0974-40df-895c-412617197af9,2021-05-11
5c35ef9b-be8e-4ef4-aa74-61759291e0f4,3d077d2e-69d2-4ffa-b473-121b4a46c3dc,2021-05-11
5c7a09ac-9803-41b5-88e2-68d55160749d,04142a91-aed5-4292-b168-f51412dfdcf5,2021-05-11
5d8bee3b-f614-4fd7-adcf-86e78ad94fd6,152ce345-738e-4317-a628-59d4264deff7,2021-05-11
635cfe10-0edc-456d-b9c6-ddf81d5937f1,e1adf825-fcdd-4dd6-902f-1f1e7aab2a91,2021-05-11
64cb5d64-0992-4086-9c10-364ef750186f,e8a8be30-83b1-4d22-8cda-f24f1a1e3f68,2021-05-11
6972f13d-f067-4d11-ac12-de219adf91cd,481b370a-06fd-43c5-9efd-939882a033bc,2021-05-11
6d434754-fcb3-4cfc-9a80-78d1a5ab9691,65409684-a89b-41bb-a46e-2a1fc6a59219,2021-05-11
6ffa79a8-94a8-4d01-b5c2-b7e7ef6f0b74,603b0295-c0d1-49de-b7ea-4514cf09a209,2021-05-11
702c94e2-54c7-4f6b-b88a-6653830f8de7,0ece49f4-3231-4f75-b331-d625e3f62f18,2021-05-11
71b34bef-f4d6-4ce9-a541-579a2f6186da,1a227d93-9924-42fd-a621-3574a767d0ed,2021-05-11
71f38d30-b08c-421d-ba9d-28fb9d851792,2ce2a9bc-56e3-476e-bfbc-db2151c105fb,2021-05-11
76281430-72ea-4f5b-b064-306dbf0e1ed7,87ef9e21-9f5f-47a9-879a-2f71b9dd2b4c,2021-05-11
799422b6-1e5a-4cd2-8587-19ce9e695dad,e8275aa3-0e8d-4c9b-9422-54b0d1487b3e,2021-05-11
7a40589e-0828-4eb0-90fb-a7e1a828fa74,f03eac2e-6a3f-4959-ae08-2cac6cc58bfc,2021-05-11
7bb2a32d-0232-440c-b008-0405e1cdc5d5,49578d3d-5ee2-4e84-b91d-ee56b614a85e,2021-05-11
7e1669cb-5498-403e-8bb8-994f191c4d22,71d749d4-d0ba-48ad-b996-3a84444c29c2,2021-05-11
83337200-3e1f-4a11-8177-de83111d67bc,c84eee6e-bff3-44b4-a966-68b3f5b67c9c,2021-05-11
83a2f43b-8840-4e21-8f7e-dcc16a35e027,a9ff02f7-8f51-4b78-93ab-17799f5fd71d,2021-05-11
852212bb-9ddb-45c5-a752-db1818f9790c,c1ae7706-fb72-49d3-89e0-55d188c57e1c,2021-05-11
8846a80b-5fa3-4dfe-8032-1b5dcf42e2e5,33738e81-1e18-425e-99f1-9a000f27c843,2021-05-11
8a12ccb8-8f45-4f64-97ec-bb690f8b84aa,704f1881-21b8-4bb7-88b2-16925a9b886d,2021-05-11
8cc345de-2152-4864-aa32-4b13667b1377,18a590dd-5ac9-45b6-848c-94083b612ad1,2021-05-11
8e41795c-591d-43fc-ab0a-26aee67c7c5e,ddd476db-e09a-4f37-9ef5-cbcd7cebf5b2,2021-05-11
8ee9850a-5eb1-41b7-8065-815b424d2670,5d3112f7-75e8-4024-b807-06f3ef0c533d,2021-05-11
8fa54c8f-8b85-4a7a-8105-12ef37c422b1,7a52e8d8-ffc8-4309-9950-56c7546454cf,2021-05-11
90c6a594-81de-4a13-b962-9ded257622e2,2b2619c4-3a08-44f5-a731-7ddc12e428e5,2021-05-11
9320b5fb-a7ba-465d-811b-5130549f9814,4a7af083-9b27-486b-9646-ba48639456b8,2021-05-11
97598bac-2d60-4ae4-bf33-0ce5e58f3c6f,826c1a5d-73ad-4125-8d82-0d79dbbcf09c,2021-05-11
97f93137-d706-4c9e-9a3c-d6759df9e7ea,3a837775-0069-4ec2-ad1f-b1d7923d66c0,2021-05-11
9849909f-60f8-4b89-81a3-a9c1d686c23e,210a8813-fc60-46a5-a525-0df0d0a69d05,2021-05-11
9944ee32-1cb4-4255-8f9b-1f05482f469c,72496f0d-def3-4eb9-8b95-73cbc0bae703,2021-05-11
9d4fa093-828f-4a9f-9b4e-e44f4673cd6a,f8ba0c61-405a-4385-b94b-d19d35d00014,2021-05-11
a42814da-e980-4324-ba0a-0f4299f439af,ac204366-e185-4f39-a021-351f26001dd6,2021-05-11
a72da7e0-9f9d-402b-b1f0-d1acd14a18c7,7577be17-7d5e-471e-8d54-95bb29f69190,2021-05-11
a832adb8-e349-49f9-a19b-f5aabac4b58c,61de184e-2039-427b-857b-d83c67fed8fd,2021-05-11
a87caa3e-c7da-4654-8cd5-ebad405e398a,46f15c3c-96b8-4793-88fb-eedcf5a21782,2021-05-11
ae37b855-a29b-4f8b-ab5c-09934acedf63,efcc26aa-0052-401b-9cd1-36c44eb5f471,2021-05-11
aec92f4e-44c0-4e07-8ad7-759d381ca982,469bed59-7ef0-47bf-97d5-8cf191b81372,2021-05-11
aef56d04-8375-4c4f-a9b5-df3fe42b9220,6a36bac4-fd9c-48d3-99d7-d2c459864975,2021-05-11
afd25017-3d8d-46a5-a453-6ba8306a55ef,b1bb5082-3241-422e-9e53-dd6f06beadca,2021-05-11
b039b29b-ff84-4429-a540-ccb5d89d7cc8,57441100-bc0d-4d0e-9b23-3596c9c1e379,2021-05-11
b117b54d-ba45-4cc1-98ec-2654e93b657a,478eb55e-b45d-4c96-a63a-990bfb23836e,2021-05-11
b3e395e1-96a9-47cf-87dd-2be74335bfc8,33bfed4c-3e00-48e2-ac7c-550063842913,2021-05-11
b3e713ec-cc30-4e7c-9ad4-d025cbbc6680,753f5eda-1c0e-4802-98b7-e4c78aa289c0,2021-05-11
b5606a57-bf98-46ed-939a-10bed40340bf,44272db2-d57e-451b-b335-db8456782e3c,2021-05-11
bc6ded31-f446-4ac7-b173-20b24e4a00fe,7ace4c82-eb3f-4d01-8789-3a18007ec28f,2021-05-11
bf12d559-1b55-4ff9-907d-5d64b42e020d,f43fbc35-363d-4b01-8cb1-b66ed4c007ec,2021-05-11
c0a15cd9-521a-44fe-8e75-a9783a7c31a5,caec372d-48b3-4bf8-8547-61b6052e016e,2021-05-11
c133296d-f709-454b-87bf-476ead50d819,03383c82-dea3-482f-a342-e53ecaf8affd,2021-05-11
c18367aa-c65a-4fe1-80ee-cd8b712f0961,ec075dd0-16cc-4457-93fe-cb1b53cf3c20,2021-05-11
c546397d-c96b-486a-b1cc-45aeaee24d78,d741b142-d9ff-4da9-acdd-595e9218a5ca,2021-05-11
c7642ae9-1557-4e50-a24f-ef69b8badbf6,39426464-fcaa-48be-afa7-1026ecfdc1db,2021-05-11
c7718302-7c8d-424d-bc61-4cb134ce4e5e,660ce23d-4bf8-451d-8121-e33cb38535a4,2021-05-11
c85b46a5-8af1-420b-a393-99ebb60f3d72,d26360e9-f38c-4d70-b5f4-d414d4d06822,2021-05-11
c95c8347-2cda-4ea7-a405-2ba187351d0a,401f44a6-32ea-4581-b958-2594f5ced4ba,2021-05-11
d04328c3-db6a-4196-ab5b-22fe95309bf4,6f9ea654-31c1-460a-a102-b8c08843730f,2021-05-11
d1e428e1-0463-49e2-8bd5-299c8ad8269c,c3f3736f-3f2b-482d-93a9-9b5523833402,2021-05-11
d3e2e595-7bf8-4aa7-a558-c9ef11be8841,efed07a3-e5cc-4c48-9242-e73cd756da33,2021-05-11
d4dd25db-1ec6-4931-9ea6-2f14be55f777,7e8331ee-f6b5-4b65-9bb7-37371007ffd8,2021-05-11
d63e7bde-70d1-4ee4-aac9-98640a91ac26,95d37519-3095-487f-8a97-d68c2ed20b80,2021-05-11
d663c291-6397-4cce-aa4c-6d5b2bd7ebec,38b5946e-e9a2-4aef-a5ef-080e577e5626,2021-05-11
d6f8998a-594e-473f-8fbe-82211b02f1f1,aee960a0-1e3b-45c1-86e4-06e747306c38,2021-05-11
d7a26fa5-bcee-4a05-a5e5-966a6d2c7ce2,63473f54-382d-46c2-8c18-5a8b4dad8ca5,2021-05-11
d81ded4c-4502-4ba8-abc3-d0b9586d5169,7bcaa1e3-3fef-4fc9-a72d-afab6a8d489c,2021-05-11
db307413-697e-4e64-b972-ace8b150ed74,b511d7a0-c167-4d24-9f80-a281a48eff2a,2021-05-11
de21bb62-ae6f-4ee5-a0c6-2465e5a2b491,ef81b052-14d0-4324-97f7-2987cb075912,2021-05-11
e0bfc79a-6acd-46fd-a281-47e7a8bbeb91,c3c76149-4604-4cbf-a277-e8a5d9b6a1e1,2021-05-11
e5291657-c073-4cc8-a640-76da110185dd,17d9ec32-de61-43cb-b988-1969caa764bf,2021-05-11
e5d344ba-83d2-443c-92e3-7ca7546674f3,e60a38e9-ba3f-4c8f-aa05-528ac11778eb,2021-05-11
e8681ce8-c125-4640-9583-2404b7603e41,8955c948-3258-4039-bf00-c59783e1ddbe,2021-05-11
eb32812d-aaec-4f91-b9a8-0cc158cbbf50,8349ba78-354c-43c2-9584-dc69d6a6c42d,2021-05-11
f0757925-8753-427f-bf6a-5f695a04c999,048f42eb-de92-4e19-88a6-c52bdde0e35c,2021-05-11
f0ff32b0-9818-4f67-886f-894004325962,603eb663-5c87-4a4d-b425-c818594053a5,2021-05-11
f24bfdbd-32d7-4e79-9199-3e4354df42a7,e18e858e-5f42-4d0a-b280-0359a05d3e99,2021-05-11
f3a3eba6-545b-4089-a150-df34c6c2b5b5,f3040c99-6423-45ea-9797-24a6ebc449f5,2021-05-11
f44955d7-60e3-45a2-8191-af416bfb61e0,c7817609-2ddb-4d9f-987d-b78492baf117,2021-05-11
f6461300-2e7b-427e-a926-7b58b2d31fe9,e789033e-729e-4e49-9333-d22ea1eafac3,2021-05-11
f82fcc75-6160-435b-9ca1-03302716319c,114ea20f-9f0d-420d-b70c-5a373b12c578,2021-05-11
f9e58e6a-db2a-479d-b909-94e59d26649c,4c09885d-37a6-41e4-94f7-e22226ad1820,2021-05-11
fa61de0d-63e9-42f3-a99a-79ba3ab95b43,3e893e32-64f9-4782-b0fe-a694dceb6ecc,2021-05-11
fabade19-3fe6-4fb4-be3f-7a1c169f7458,907401dc-859e-4810-a2f2-9b6a514862be,2021-05-11
fb0f8c8f-7b41-4049-b859-b2abfec66d1a,247448f7-0f3d-40d6-9e2b-f7ecbcb0170c,2021-05-11
fbb77272-6393-44bb-9934-e672ca51c4f2,c89264d5-b47a-4ed6-8826-e2a5761047ad,2021-05-11
fd679aab-4ae2-450c-9fb7-08e2acab2c8d,07bc2d17-c16d-4041-a923-d7d50182f28a,2021-05-11
fdc17c27-063f-4fd2-ad34-b4ecea9279ad,071d6719-6f10-4145-9a60-3221fcc21204,2021-05-11
fe62d997-66df-4c28-b874-9aa862b1555d,1e6cfa13-1dba-44c7-b31d-cc7c0175a380,2021-05-11
01246523-73e6-4c3a-9eb0-1f8aa338dd7d,59704ed3-7656-4d36-88aa-5df28e3f2b98,2021-05-11
015baba0-b384-42aa-a07b-02294d9ba14e,fc8589a9-7ee9-404f-aca5-725b9da1de03,2021-05-11
02175de7-4e6b-4802-8a02-57a0a870f76c,7314cfdd-9d6a-4e99-bd38-ffbeaab07aaa,2021-05-11
059c3dd4-409b-4d29-8bc7-2ae0505da5ff,647db756-721f-44ed-b50a-fa441e1f5020,2021-05-11
05ecd0f7-2baa-4782-b0d7-f45e3a5e652a,c8997661-ef09-4499-a74f-9b1305d998fb,2021-05-11
0698adb9-ce89-4681-98ca-38169dabc023,9ba24a69-87b5-478b-a576-10f130b76c64,2021-05-11
06c860ba-5649-4fd1-8000-9f9bb2de4aec,1c372406-a39d-4896-9efc-8365cb773afd,2021-05-11
086fe612-1591-4a25-97bf-d4e4c9d3b295,f3a487ba-20fd-42df-b885-ceba971a066e,2021-05-11
091396a4-59fc-473c-866f-d23ce444ff30,d507812d-8ee3-4831-93a7-56821c4043ef,2021-05-11
0a5c9f6b-f920-4905-ab1c-25c2f2d73b70,e07c3e46-2ffb-4bcf-8d87-b891581b83bd,2021-05-11
11519e1e-11ca-48f6-aabd-33e5db1de6f3,907644eb-ba8b-414c-a8ca-dba34e7075d9,2021-05-11
1238bfbc-3ae3-45c2-947c-4fba316e3890,69f7b979-dd21-4d72-9524-7b53db22a082,2021-05-11
1631ced3-d27e-464f-8f4a-5b10de52106a,5b438f5b-6189-481b-9b11-cdbc2cb7bc11,2021-05-11
18508f13-1493-4de0-ac1c-3a1f7a0c2eed,36150f49-56f9-499e-944e-52e6fd5ed07d,2021-05-11
1c048ba2-6ad5-464b-80da-5ff34238033c,a6b8276d-6cbd-4e61-9de2-bbb79f841c15,2021-05-11
1c611ed4-bfd1-4c57-b1c5-114a4bfc1425,8b45c97f-93aa-4b0e-be09-1732f502b657,2021-05-11
2494050f-4c0a-4357-a601-2d590a216a24,20d25680-de88-47c2-bfde-bcfcbf3eb35f,2021-05-11
252d3648-29bc-4451-8d44-5dc9d1d2468f,6add09d9-e7ca-424f-90d1-e6a27975b7ec,2021-05-11
261c0d2e-0240-4085-8106-2b60099a511d,ffc14fc5-20d7-4b7d-b2d5-e25e7b450e7d,2021-05-11
2743e55d-86b1-4226-a59c-cef6f4dbc7f5,564acceb-dd98-4571-8b44-477d888bdfc8,2021-05-11
27c01316-2a6a-47a3-b5b9-f789ef7ae416,9e149102-35ed-4134-b6d0-3dfdebc554c8,2021-05-11
2802d515-fa26-47b7-940a-9a43c1b857c1,ea3c0026-c109-4e9e-9f2f-8aac27ae4f5b,2021-05-11
29b0f863-57ab-4694-8a7c-8588c7029465,8f25d22b-1ba4-4638-b106-ef14d81aa873,2021-05-11
2f054ab2-7d58-4247-a3ad-3977d8dce2c1,c869f155-238c-4b83-8bc8-0b7f70cad3c1,2021-05-11
31359f02-9766-419c-afc4-2e42d86d7935,03229f14-bbba-4092-89f1-29b5a41ba37a,2021-05-11
32851ffe-fc92-4148-81ab-7ebe31d8cfd4,7925d345-9859-476b-a8f8-e0f84e7648b2,2021-05-11
32d5089a-3642-4996-a9da-5ab5bcabf5ef,efe137cc-e086-4d02-9504-af9328a7641c,2021-05-11
33ffa488-a769-4430-8b54-489c0c4d2b7e,bf4bed36-ba12-46aa-94e9-34389b665e6d,2021-05-11
36d71b66-abec-46ef-8c75-db38e34aaf15,577646b1-d4ed-4e7b-88df-aadb1e04f4ca,2021-05-11
3aee1fa8-6c01-4fec-ae51-bf0f18159c53,3349f0a6-17a1-407b-9b84-72337cc889f0,2021-05-11
3d112f8b-3537-482f-a222-010d02db9dd7,3bc7e5ce-d841-4a43-8986-082671fc7738,2021-05-11
42490976-82d0-4b8e-82bc-f9eaa79aacad,2357f306-9cdb-4179-bd92-050710c8849c,2021-05-11
43ed4760-9bc8-4783-991c-9eba675fbc32,adf09d93-02e9-48aa-9d2d-366a9f65d65a,2021-05-11
471a5a4e-7f75-4d12-b645-6d683f77c8fa,34cb4ec9-325e-4927-8fb6-04c9635d5df8,2021-05-11
4c559834-5945-4694-a079-86872f5b36a6,dd8a4827-70d3-4390-8e3f-df9c70aff65f,2021-05-11
4d803fcd-828d-4b05-88f0-0fa3cc53be6f,dea8be63-864d-40d4-b18e-2378ccf16f0d,2021-05-11
557b7317-0291-4bf4-84df-6d082d5fd1c0,bad81367-837f-4637-89f0-9b3360e38cb3,2021-05-11
57a987f4-56ee-4ef7-b241-2182ca002f05,2e2580be-cb6d-4ff0-9b2e-4f5d3f140278,2021-05-11
59d81326-5a37-474c-8ca2-dae286b488fc,f0b8035a-9158-4c2b-9230-5d886bcd24ac,2021-05-11
5b94365f-395b-4560-ae69-ef7186c7b2cd,51bc6c5a-de4c-4ae3-a763-fc1a934d44b6,2021-05-11
5da1e767-18fd-491f-af65-d4b50fe7fe53,139364ca-3fcd-4a9c-9717-9749266ac5fe,2021-05-11
5e55d3b3-25ab-4522-bf33-54f41a51c8a2,bd2398e0-af76-4e49-b24d-5b338e60e8d0,2021-05-11
629e0ee4-dc71-47d0-8b41-b06e449d5aa5,29ef03f2-4552-4e09-a974-7d158b7bff50,2021-05-11
64ee2559-c08f-4595-80fb-f77c2edf60eb,73e60e44-e7ae-4f07-b04b-9fcb0a9358c6,2021-05-11
665af0f6-abdd-4a92-9add-045cc806c28a,4a4d6331-325d-49c5-9c6c-f773170e2a50,2021-05-11
66db30e6-bc86-4af9-9d63-e5d1c9cb3dc1,8fcc3d62-cca8-43a2-a48b-63a1d9a590a7,2021-05-11
686a3e04-2ba0-4429-8e61-d6c97f46025d,3080c526-5b05-4d8a-8604-7476377d5238,2021-05-11
69be6d3a-45db-49c8-9232-1c90aa776c0c,42dfa063-a7e9-4dc5-9998-441a79520dce,2021-05-11
6a297eb6-b29d-4771-8750-8f4486d6b9dd,d3324227-8e98-48ab-8d04-221d15df98d4,2021-05-11
6dad68d7-16ee-4e7c-b50d-671403b30c01,89bd121d-cb23-46f2-836f-6048a352fc3f,2021-05-11
72bd33dc-32f4-4c8c-9e2e-0dc26d4d0661,d3f15a28-4b8b-436b-adfb-74404d956f72,2021-05-11
7aaf7c07-89c7-44a0-b16e-8ee21c3276a2,a27f760b-4d7f-41e0-a2d3-546a5f2738df,2021-05-11
843769d1-4861-42ef-8370-db32eebab131,4d2a52de-ad5b-4ea3-a858-c5cd56bd57ab,2021-05-11
886d09cd-00cd-4a63-9eed-160a568aaa06,4d0711eb-565b-4ac4-8395-9eb7a3c28b72,2021-05-11
89ed3655-bef0-42b0-a9ed-bc52c07aa0ec,b74f5fd6-db23-47f0-85dc-48aea3d3a87c,2021-05-11
9678e0d1-64fd-456a-bdbf-2e197b58a15f,1449fd89-186d-4338-b381-93a893676293,2021-05-11
9808fa1c-1297-48a4-b0dc-b339b1a9dcbb,7833fdc1-9512-42ea-aa4e-3ee1c5ce4743,2021-05-11
9927bb36-f176-48f4-b96c-121ae63099fe,1a913329-dd42-45a5-853a-1df95611af8f,2021-05-11
99d6629d-e395-4e5f-b9c5-b29b02b7c7fa,6edb7528-d384-4fd7-9304-001af44c92e9,2021-05-11
9cb7d52f-e8ad-42d0-a481-12a0ebe20c6b,3449484b-6c30-40d8-b160-3e3fc8028c96,2021-05-11
9ecc0ead-87a9-453f-bd5f-25287991a94a,d70e49a2-6a0c-40a0-b5f2-4efc37d51bb9,2021-05-11
a143aa19-f5ec-4084-b33f-40ac515ac2cf,201ebe55-6815-4946-9c16-e0791fa786b3,2021-05-11
a40940e4-7a02-4f19-9129-99be2f03168d,c5c7804d-a82a-4d46-b4a9-b4af96365361,2021-05-11
a5714cfd-c32d-4e9a-a03b-e6123450c332,5b11326f-733b-453f-b36a-b55b93333b20,2021-05-11
a6f7c345-2b4a-4a12-adf8-99ecc700355c,f6b0d8e8-8a4c-40bd-a286-21b20d438126,2021-05-11
a7e979ae-3307-4ca6-ad2d-2730e5ba52ed,0ce73734-6ca2-41cd-965c-3706471c9e76,2021-05-11
a9ea08ed-39f9-4781-8dcf-778e00e2065a,4af3b7fd-8bff-4209-a43b-044f816e73a0,2021-05-11
abbde380-c64d-4f2f-b204-92e22ac401e4,afd490f7-8532-481e-bc78-e4cc51d2fba4,2021-05-11
ae202089-b032-470d-83f1-49bed050da6f,9f46c25e-6466-4936-b519-d793e05af3fe,2021-05-11
b0527c0a-d03d-4515-be85-fa1ffad8891b,815c1efe-c055-449e-8269-e34b67e24fc2,2021-05-11
b0b8d2df-b52e-4259-bc8f-a2e49e55c16f,ba936d8b-a533-48f6-8652-9e302dbcfafc,2021-05-11
b22e4e53-f744-461e-8bef-b9a9a402830d,da449f06-5d3c-47fa-99ab-c6c6624dfedd,2021-05-11
b30d27da-5bc5-4fa3-9712-4777e0b58bad,1b3e606e-eb37-422a-adbc-e1a7d4053309,2021-05-11
b32c0797-4adf-4849-8086-e74f324f1871,72745e5a-24ca-4b48-b69a-47c6385412d3,2021-05-11
b54ee4f7-c24a-428a-8828-f955c66bd072,6288ab0a-7a5a-4a20-9b8e-3eb894befe8c,2021-05-11
b559513d-45b4-407e-866d-50db6e44c7e2,4d3ccde8-3244-4f72-8a19-09b0003ca5c4,2021-05-11
b8da121b-afbc-424f-a4e4-a644bcbe848c,8dfa04e9-d453-495a-9248-1fddf4953ddc,2021-05-11
ba0177fc-f95c-4b9a-b7cd-d2d3c6635c05,1d1eccfe-dbb7-4e2e-9f42-be079b438080,2021-05-11
bc93a16f-a8ae-4856-9c2f-62c5b2591f55,096c2436-098b-4616-a2bb-a31a0ffcb220,2021-05-11
bccffc16-e87e-4e34-9934-bbbc6aad4b74,0f56f87f-ad46-43ab-bc15-4feda12c106d,2021-05-11
bd3d059e-2528-46c9-97dc-2cfe37043483,a2656415-1b2f-4202-a25c-7fb8990e1eb1,2021-05-11
bda958c2-c723-4036-af8b-865c7e0f99e4,4093ee78-19b3-4248-9d50-9570bfee01b9,2021-05-11
bdbd9de4-e201-4f5c-9113-ce5eb6a30500,72447df8-b4fa-4166-a0ff-f9a27dedbb8b,2021-05-11
bf657975-3e09-4990-9c51-f806beea810d,57e972b8-9e09-48a7-8abe-e2ebb8c016b2,2021-05-11
c0907944-25e4-4b70-81be-b11208f17897,9ef1e466-c9d6-4997-8c42-1ab76a200a5a,2021-05-11
c3680cbb-0560-4ea3-9361-0f7b963a901b,fe667801-bffd-4318-905d-44d681e53207,2021-05-11
cdc48aee-b6fb-43e0-ad3e-e7007555dc09,05446dec-bf62-442a-9ee4-0fd4f9598c26,2021-05-11
cf1fa94a-8daa-4c84-a3ec-380310944c51,ea3f3e78-5005-4908-96dc-07b6d08a4cbc,2021-05-11
cfa7b392-60c8-4034-9150-7af8f825292f,14f035ec-6c32-4f73-a76d-190b08c6a6eb,2021-05-11
cff40043-8498-46eb-8a24-490c33e7de1a,47d508e5-cc40-4e26-93fd-09d328e33ffa,2021-05-11
d00407d3-ab18-449b-8288-27cbb9f85ce0,2c44e222-ae86-4162-9120-b56b12fb0ff4,2021-05-11
d39d7225-64cc-4adf-a160-51d8be486dfa,72e92e0e-8518-4168-a415-a3c3db035e95,2021-05-11
d3ff1818-ffde-4ad2-b333-eec9f67cb74c,383ee747-d042-41f0-8717-2d0dfbb3f28a,2021-05-11
d7eaa618-0fa7-4c5a-bb60-f4cc37aeb2f4,bd6f82ff-957e-40b8-a2b1-55bd1b5cd574,2021-05-11
d96aed2a-fada-4ca8-812f-75cb9e03f308,c4d760d6-17b3-4df3-961e-30efc129098f,2021-05-11
da195ed1-14fd-44a4-8a3d-bc58fabcb9d8,9d8caeee-f739-442b-9398-96b1526fb9b5,2021-05-11
dac4352b-7198-4e40-a2e4-69da53ddc839,bad701a9-4d68-47c4-a4a9-f85667c357e1,2021-05-11
dca2d766-0200-474f-8df4-dcd6309d94c3,e0850163-c1ce-4d3a-a62d-ef05a5bfe40a,2021-05-11
df0a069e-f03d-44e6-abf5-ec9fb1f4a0d1,bd413634-0bdf-4ed8-b15f-dbcbdf041a75,2021-05-11
e39ee2b0-063c-4d7b-87d5-a90ae4124e1d,d1ddadd4-37f6-4ec0-8ba2-d4231df697b9,2021-05-11
e6a03d03-c5a9-4778-a804-78d9d71f7473,5c296d80-59ed-407e-a35b-58595f82f5d6,2021-05-11
e6e2204b-df84-4359-9d20-2c99e052bfd9,83d4480a-bb26-4e25-9ea3-9b35dd581250,2021-05-11
e8358515-4aa7-414b-8fc5-b25a0212399b,57ec6b30-27e7-4da5-9e49-f4c2fcb81e37,2021-05-11
ea697eb6-2c07-460d-82e6-9f8de4f10755,12b09af1-d432-485e-b809-111e961d5b16,2021-05-11
eaf9e739-a27b-49ac-b7b4-11b5e5859466,c86624a7-d681-41b1-8bf0-8b2d82b1f287,2021-05-11
ed7c84be-fcce-4553-9b31-00f869919f3b,af4d1d70-07ed-42f8-9f9e-de78ce88b7b8,2021-05-11
edf07a84-0246-4db9-aa6f-5581dd127e37,89253f11-3f8e-4046-b8a1-b910bc85447f,2021-05-11
eef37748-267d-462a-9e21-e6b0a30e4678,8a62de7f-51b9-4bcb-bbeb-bc272751f875,2021-05-11
f0b775f0-639b-4015-906e-34d87fa0456a,b1fbf6f0-29d0-4ae5-8ab5-cef932c1e8d4,2021-05-11
f5b385db-a01e-480d-9d1a-34f9251d1f7c,aff212b2-870c-470f-a539-5a87b029dff0,2021-05-11
f62bb011-05c7-4e2b-98f4-b4f27cda26a2,060b4fdf-fd02-4a12-bc42-cbe75706f325,2021-05-11
f76e279c-5a4c-443a-8b9e-b5644f852412,423a105b-75f5-42e9-9635-d3fe7e353631,2021-05-11
f8de7190-62fd-4d3c-9f12-9054646bfce9,54557ea8-f916-4599-b8c7-67777ef1333a,2021-05-11
f94467c3-f68d-4be3-9d61-1bfcc5b6561e,00736617-f1f0-45fd-9020-45152e95a2ba,2021-05-11
f94e3e92-555b-4100-961f-b78db89ab09e,798df1ec-5c6c-437a-b412-67ea94584cf4,2021-05-11
fd6ff919-95e3-4d84-a932-df46c57ea167,8c7770cc-5182-4c84-b008-2187c2684d62,2021-05-11
