original_RDA_identifier,equivalent_BF_identifier
003c0e59-9ab1-4fc2-8522-1a7b78601fef,c3ee657a-2cd8-4238-9168-08f0f52e29b4
018e4c97-fb45-4333-9e8e-6cc0584e49ac,ca183d28-667a-4a6e-99bb-4b43a061552e
032cba08-e735-425c-bc88-9433d2616226,bd13903d-a5b6-4e8c-bd9f-2809df6d8972
0894a8b3-b110-4705-9cb4-9ae1009ab0a3,bfa3c6d1-d605-4945-a6fb-db90d5170adf
0a4ea663-988e-474b-a25e-659b935b65a9,3b682e9b-54a3-464e-9bf5-80df38dc4aee
0b6addf4-d44d-4502-a637-a50e70420b80,da049b85-8fd1-48ad-b93a-5e742e210970
0c687772-a7be-40e6-82c0-f00c4c59a319,052d21c2-acaf-4d95-904f-e2c0482bd33a
0eca0437-74d5-43ee-a46e-f935800fd4a2,6acdbad6-ed0d-432b-b728-0feec283ffe5
1079c5c0-7ecd-4fb0-a090-f5a4bcabdf94,3a0d8044-7410-4337-b754-152b984032e3
1204a5b5-49c0-40b0-b7ce-cdee99e8e54b,647c64c2-1cd8-4cca-a186-3b44ab38971d
1383668f-9764-4092-a900-6d24dc7b6954,46fc595d-54da-487e-b16e-142309ed99b6
15381424-2eda-4d58-ad47-b1029e784398,6e7fd19d-4f7f-49f7-be86-3b075e3575ee
16a61969-3b31-4e09-bba0-0319a13895d1,e14a30ca-c773-4066-8467-e7211985eb58
16ac9fa7-4e65-44ca-99f0-c19931503e64,99676fc8-c3f7-427b-89ce-a68c5afb6e15
18435621-8e0f-4e45-b7df-890f0114d5ce,37f28ae3-7f67-4a6a-aebd-5a50a21f927c
199fd36d-eb47-4a1a-849b-2de1549e24ea,a080ee47-a6d4-4884-b183-ada479c2c07c
1a09069d-8165-42ae-bfc0-f6b269b4d34b,43231e8a-a77f-4f6b-b52b-c49f32cb13e5
1f90db66-a3f9-49bf-aaa0-ec3675df4027,d4db4a62-ac6e-480a-9912-4e4c6b239f4e
1fcacdb5-8245-4f0e-9900-0b080d38d8a2,985dc702-feae-462c-874b-1102e099f2ee
1ff786f6-7674-49f7-a4e3-23a15c18f398,5d77d741-7345-4b4e-9b5b-c4c8d11454c7
20492d30-7f5a-48fc-9857-ca975c586494,f4e34ec9-b866-4051-b2c2-7ba55c89d2d9
204dc35b-d74a-45f6-ba66-ff5cbe3a75b3,79446294-ca3e-4d34-b85d-e7ad93706a55
20578541-d001-4b6a-818c-413ee8d77b4a,11986afe-266c-47ca-9e82-4cd10bc0e515
224f348e-85a0-4832-9d42-f779a37457da,4ebe71b0-c638-4bc1-b30d-d136b866a1f7
2370edaa-0c6e-4d0c-baef-994235d4f86c,e4374c42-75ae-4481-bf7a-d5d4e94d3288
2442f2d5-0841-4384-b08e-bd25c3a3d4e9,472c5ebd-2e61-4275-85da-adf3782796e2
24cd1b8d-48fe-43dc-95d9-d64df2032f24,a8b8917e-5d6d-4209-b20d-0ea5f2fc8a3d
251393a8-33fb-44fd-827e-a75328c3fbaa,75089063-8f31-4d78-aa1d-48efc705a8cb
25406ec2-3893-45e6-b857-064fc606657d,ef1f813f-e626-49ba-aef0-bff4ad1b5314
25a341e3-305a-49a9-8322-5a45a6227535,b5f7a3f1-b844-444a-944f-82297c219380
270833dc-b0e1-4402-a5fa-df97166839d0,b3cf61d1-61d8-456a-9c9c-7e027a0289cd
29aae6bc-a3e0-4dcd-8ef7-5340615690a2,247ff4b4-54bc-44a5-af49-67e919a88889
2b0e847a-5fad-4150-9612-aec9f9474096,4946fca1-52f4-4042-b03b-882526691cf8
2be1aad1-4cae-4a38-82aa-896480e41a79,f0c7c035-f7f4-4e17-8958-ad899b5dfd68
2f6fce73-629b-4987-9af6-b496e4c8091c,574a1859-cb5c-4737-9dda-f7303511afac
3c583cca-5a19-4774-bc93-bdcb63a34e09,2d5b4e56-c55e-46f3-beac-8af45d904662
3caa00f9-8660-4a48-bf78-373a235eeecb,84f2fff9-efb4-415a-8101-5bcfc54d4cbf
3dafb07b-ff14-4a67-b53e-822d97ad644a,97f92028-369e-4cb3-917b-295e16149463
3eb2f65f-7238-4b34-95ff-3fa36b67c667,5655b951-4ec3-4f7f-8aa4-b134a40a275d
3f51c956-0a93-4dc6-b16c-cecee7693db3,54fb05dd-0cfc-4efd-a532-fd0426391296
3fc91d7c-c5b9-413d-a0c0-4734672b5602,5a7d3472-e628-418d-a9a8-fcb0608c453c
40a13f9e-9a28-4d20-91db-d6dab4284bf6,881dd622-932b-4c3f-8d20-1067fc2d3778
420d9d87-de67-45fd-8367-e1c451ef725a,c10410a6-404a-484e-a900-15fdfa1e1ad3
4488232a-2514-409b-9a5e-95f423f1a1ae,236eecc9-d6fa-4f0b-ae07-6c01909f4055
47396f92-ff77-4480-a26d-8e7c73b83043,18f096dd-132e-4c47-b3a8-e4ca6e65c458
49412d8a-a5b9-4f20-b797-f78a927cacce,121e1298-33c5-4250-b7e3-a4735cbdc53d
4a80857f-53bd-4aff-8ea3-29b5e936e4d4,cdf1686e-709a-4a63-9e10-256a85e522d2
5112fda2-2a63-4d0a-8b02-1e7da4ebd85b,13f48a8b-f80f-49f2-948a-0f98dcca1023
53ac989d-d13d-402a-9f6c-03d165f91319,f533430f-086c-4582-b1ca-9ebb58629729
54c03745-0b0a-4211-8e50-c1a765be0309,a15c61cd-f694-4379-966e-794f44d9d960
54c76af5-659d-49c4-9486-18e693ccdb5a,b94eb924-911b-4ec6-ae75-1fde4e559720
563cdff1-ce5d-417e-a282-a98d710c1b14,d2a18650-75f7-4914-905b-b86712fea9bd
59020c14-ea04-4403-8d6b-2e3a8f48b3c7,ce5683a6-602f-493e-b54d-e7e64ea346c0
59122c7c-302b-4a95-9201-717356a1350b,f2c1b285-0f5f-4455-b28d-04132647281c
5a35c300-05ca-407c-b72e-d482b9496493,c29a50b7-0e8b-4d6b-9063-bf99d784a984
5abb3bdf-0109-4b77-b984-f73900ae981e,f799fef2-600d-43c3-ac59-709a10c92f12
5ad4add2-2dc2-456a-ab7b-fa7678abba86,789519ee-585b-47a2-996e-a480e40db64a
5b20e066-5723-4067-a8e5-799342f90192,49d6c87d-1366-47cb-873d-6cc4cba86907
5c8ce526-e275-4f74-93ef-0ffc56389cc5,70b23f93-c920-4683-a5dc-3927f6e986fe
5f1dc2d1-1b6c-4c5c-a993-910c65003954,4e72087b-0664-4dd6-9b22-eb8f279f4cc4
60b13770-473e-4dc9-bedf-de4e6c5130f5,497da6fc-129d-43d6-9540-24cf70c9e9f2
61231191-9b85-4ba4-aa90-42a64e6bac9c,13bfd021-45e7-4fd9-bd35-a037a54cd692
64af3c0e-5fdd-4727-b207-2b7beeaeabf4,f5e5100f-d272-409b-a037-1eaf958c9497
66de3ff5-2b1c-41b6-a25b-8a30b6a2b69f,f3bbec88-4896-4baa-9d52-ffa51f3847ac
6997f169-0deb-4355-b64e-5485fe4a48b8,ee7ceb83-6ff5-4046-982f-f64364f4ee79
6a36c334-c396-4dbb-b7da-9edf8de7a2ce,7f1469a9-f18a-4467-96b0-542179d4e855
6b974e4c-0d1d-4a7a-b750-a5d4cb54ffd9,9bbd0b39-d217-44b9-b590-4850c0ffca60
71b26abb-43ba-412e-a965-67e06fefedc2,122773f5-64d5-435a-bd05-f2a9f466862f
7580672d-ace4-4a41-b89a-8a0b8631e586,3806fe36-2cbe-40e1-848f-ab6c1cad6c19
7931f622-717d-43ae-8121-ccffd0e47149,56b46c61-29a9-41c2-a83b-837ecfd8b528
7a9c8d69-4c3c-468c-aab9-0bee9026d145,0f75e804-70f1-46cf-a037-660802205a46
7cffe198-f453-409b-b985-9d5660c7272c,e4a0aae3-005b-488d-bd54-bf12f11c6eb0
7e1f6ae6-a6b0-493c-aeb1-a1fab52be1e9,85954cb0-48fb-4bac-b7d9-f513a23db35e
7e72cdce-2517-4bd5-be85-5836273f0e31,24cca003-5bcc-4f77-9296-37d9dee2e3ab
7f1ae484-c6e1-424e-9e18-a91e1c345161,9a5a0c8e-ba2a-46fd-aedd-4fcb296589e5
82f4a21f-79c9-4370-b40e-16dd363466bf,a71d36ae-267e-448f-99ba-fcda6846f868
86f61d7c-2742-4716-bb0f-9f2b82111548,b5c576d4-340f-4ed1-964b-a91b18f46c2e
877155d9-bc9f-437f-991a-8a232932f580,8c36b1ff-5091-4168-b5ae-1812f2cbe209
88ae0700-dd55-4089-add1-314469a85c12,461749d6-42f0-4591-a425-3054e8d22f26
897e29fe-4ad6-4692-a890-f6657971ce22,5d843bc7-d7b8-47ea-8e71-4bd1389c15b3
8a0d5042-8b2d-4287-b228-612e456f0fe5,b5976c16-a954-494d-a668-03e2bf183293
8ab49fc5-0df2-4ee3-8c63-69cf51cf65b8,b03c72a8-a6c2-4d82-9008-c4457758b3b1
8b96753d-1f7e-498f-b102-76faa7fc1061,c716a48d-1716-499b-90d6-9f59a69b171e
8ddbe5d0-a962-4c51-a249-9cf55a6c2a00,c61d3d88-c952-4e36-b113-9d78194eb851
921f8702-2492-4296-ba11-c3315f76687d,21e4c8e4-88d2-4979-960d-98fd47eb7c18
94c8153f-01b0-42ad-b356-70f3bd64e6dc,82b4e26d-5478-4992-a4c7-f10744325e12
970bb97e-7efe-4ac7-97cf-d00b868ca0d6,d2e1d922-1097-40ba-94bd-529a4941a5e2
994efbab-6adb-4953-95e8-9a323436829f,e494b722-7acb-4540-9ed0-6397a2f616cc
9cd24070-1dea-44f7-a7fe-e5a917db49d9,d27cdb2a-d0fd-44ed-8095-e201d34fbf7c
a03b533e-b56f-410a-aa93-ab002bfcea6d,cca6e72a-e5f6-4fe2-a4f6-549e7acb50d3
a1bf1c9f-f0ba-4af8-a05d-44ccb04a8bb0,88976374-28c9-4fad-839f-c58873fea010
a2979f34-29cc-44a4-a1c6-36a4ab6b3651,1bad5ac6-b239-449d-82aa-19cf7d0abee7
a3186ad1-a262-4206-a35d-9598b7f11d27,c2e63ee2-783d-4623-ba06-cf0d39d8d280
a36e9ced-6550-4bcc-b37d-aa7e8a0e123e,2181744c-5050-4c53-973b-ac89d1e86a75
a76ab4e2-10f9-4310-9b08-fdd89441355e,6798b8f3-b335-4833-9898-7d0d0f758605
a806ceaa-4ec4-46c2-99c8-3f11c8cfa3dd,35b99391-f215-47f9-864b-8a1a97e5d7b4
a81c1113-d17b-46a0-85cc-7704dd582aa1,184efd83-5736-4ace-ab87-d888ff1af57d
a8592848-3759-4c1e-b37e-e56409254a3d,4de91b8c-574d-43da-9d5c-f89a886375b9
aa5ff87e-c73a-438e-9f24-de999ba306d0,3f898fa4-8c80-4832-b7d0-4b995a95f43e
aa768b65-ed37-46f6-bc5d-7608c71abe66,a6b16103-b29d-4ba8-b3a3-c75fae4a5dfe
ad5a3368-f3e1-4872-8bb0-460ba65d30d2,c01db1bf-6149-4647-bc46-cbedf5dcf70a
ada53d46-b884-45c9-b953-c17fa183ab4b,2e1c8dca-2dc6-48fa-a85d-65852952bd51
adb96585-afda-4635-9862-398cca1d633a,27c85ca7-08fc-46e9-beea-7e50d52526b7
ae624b51-efc9-4011-9947-82f25fb9769a,5e8707a0-3436-4cfb-a7a2-8b411d594de5
b0127a34-291c-49de-b017-0d69c66716b2,be31895c-60d9-488f-b9f4-be042e22bc4c
b53e89ed-452c-463b-8331-fbbc0e360ed8,68cc244f-430c-43d2-ad23-88075ecf3cfc
b725a4e4-1384-4158-aa80-01e0eba35c44,8c9f7e6d-bcdb-4c2f-8147-e0fb313f71db
b7d6a2f8-e217-4b85-a12f-ecbe75b409dd,64daa8a2-3e5d-4e2c-a505-d5d1b7035a75
b7ef5c30-4e4c-459c-8361-2c371359894f,6191fc0d-696e-4665-8ea0-3421a0bb0af9
b868229b-4177-461a-b731-f36b95a73142,8955ac7b-82f4-4872-9860-947e908b09f4
b8a70189-1a6b-4efd-99f1-0674a65052ee,412ad3af-8ece-4121-976a-473723034c04
ba22d3e6-96c1-4538-ad95-ed3f3e3d8fdc,5e2d3ea7-b12a-4521-b16f-3803ddb7db63
bd6c8ad6-677e-4557-8877-cb387e7cbf8a,65534ac5-b706-4664-9da7-37a4f41da995
bd9d343d-229d-49b9-9eb1-34367dcbfada,58e85b21-322d-4548-8b60-e2cfcac7e266
beda6563-6c55-4732-b383-713deafcfc73,f09ac4c0-c0a3-45fd-aa29-256cb332d9a1
c2ca5abb-e85c-44ba-8403-0a53246fe27b,78bd3010-8330-49a5-9799-e87a7932d389
c37c7bef-54c3-445e-89b3-3fef71f350eb,f05f66f7-9e98-44b7-a355-e9b0d54cec73
c5ed4800-ab25-4fe6-804a-7bc84f67e719,3c5d5610-1918-476a-aa7c-95cd4aa83722
c6edd386-5262-4bac-b6db-e1641879ed06,d7028c7a-ff24-432f-9729-3b7c7d11afbf
c83130f0-b914-4db0-979c-67db73330f0c,3ac06592-7239-4a18-bfbc-40a3bfdc44f7
d02e409c-bd11-4769-a3b8-b4f2242d4f82,2916e31d-9339-4c46-b0b1-72e9fc815e0c
d0d9f78e-05f1-4594-bdcb-b396ce68f618,7f8314f2-aa49-4fca-a554-bb6c732ca4f5
d72465eb-d1dc-4ee4-a30d-062c033bfbe3,8ca95fe5-3b8c-41f0-bf06-7d7b090df90c
da71d823-03f2-4122-8d5d-3e38df134370,1c7b277d-eac8-4499-8e0d-fbda78980cb9
daf92166-946e-406c-87c9-8466add886b9,5a890909-e797-45e6-a2f3-8696c7b838fd
dc28450a-35ec-4474-9793-689a582100a0,634ac308-325b-4932-b4b3-1f2757724218
dd6d4c68-3985-41a1-a866-022326d8d063,214c0d68-a2c2-4e53-9051-731180cb62f8
ded38c40-6e3e-4069-9849-2c29e769e8cf,5dfbaf5a-bfd1-42a7-ba1c-887504c56eb6
dfd296d8-6760-4d16-809c-cc40b425d06b,cd997cc7-86a6-45e1-85be-0a21c85720c7
dff80804-5b2a-4d65-bbc9-7ebb0c01fd13,91db1a04-7baf-4e6e-9483-813ab35108a6
e01ddea9-54f1-4835-a049-f70e64c888fc,5fa4f232-79fb-43a0-ae1e-9b0c7dc409f0
e357057e-1dea-4835-a404-518c1d4b7305,827e47eb-55d7-45dc-a974-dc428042f80d
e4ae0441-d2af-43e0-92c1-8a986d646162,51dacc88-edd5-48e0-a233-aa57fb6095e6
e5791eca-d02a-4237-911b-ad8e837f55be,6f6c4fad-21f1-4b41-8585-a9cacc202c87
e66461ad-b82a-4d13-adca-4ee58e3cd231,cfcfcdb4-bb7b-4506-b226-0ef2922fb613
eb572713-b9fc-4090-bf89-c8493678f694,40e489e9-bf3c-47dc-bb65-4d721cf2ce80
ebd029ad-b852-4fa2-bba6-abcffeff8e4c,ea96f488-81a4-4178-91d5-b3e58ed96471
f015312e-8959-4f63-abc9-6f207aede0f1,2862b1c2-934b-408e-abf8-64ca368994fd
f04b52bf-fb1d-4189-a75f-7f5ed86bf543,0856ccfa-8f43-42c0-b255-bab607eba72f
f0658123-0bae-4399-8fd7-c2404bcdc005,71c08259-aa82-42c9-a82d-5acd6e79ea7f
f3b38747-4060-445b-9b2c-52408cc16124,e0aad155-97ba-4f75-8842-02b1a5a0fbcd
f71fc6f3-f28c-4d10-a7b1-74379732d815,8940e016-9061-4ae7-ab66-ef37de56bce2
f74fb1b0-b7f7-448f-ba77-61dd753f43b7,4171b773-569d-45ef-ac98-6eb692582efe
f95dad1f-f7f3-430e-b817-8fa9f9db8faa,8a338d8f-839c-467d-8d32-c20df2a6af97
face7c36-b484-4966-93ef-b7e99a783e28,325c8a25-453e-4155-9319-07677977e67e
fb913d0c-e046-454d-ba60-8e4e1bd5fe90,768e3282-6fb8-4044-b7ea-2b6c9d1f29fa
fbd8619d-f725-4991-8c72-8e47101489d8,e7b9e031-8faf-4a71-a2e4-ac262a80d99f
fe9935a9-172e-4f4d-bafa-c7cc79894c71,68d00021-26e1-47c6-9cb4-4824a2c104c7
02c8be46-235a-4bbc-b18d-85065829236d,8ee8a475-75f5-4629-9373-f16e3da3e2fe
02fc5cda-9c05-4cf1-b634-382f76522b57,416a871b-9782-46ef-90dc-6be1f6724ef7
0409bd3c-3127-479c-b698-43d31c06546c,838e595f-5505-4b44-bce2-9a0c11a3ced9
055719b8-ddee-48b8-aad0-3553d0752168,29244632-9727-4c78-81be-150d0ef6e49e
0a8385c4-35ad-4640-a702-0e285625eefb,0d81fc72-cbf3-43ef-8e86-082b870f196e
0a873285-d181-4eb9-b2f0-17fadb2e583a,0ca595e5-febc-49d2-a245-1c6c10aad918
0e468b37-033d-4ebe-85cf-5cdad4da9abd,30edf106-a7ca-4a69-947a-77a561fd21ae
0fdb4413-f1ca-4f14-b60b-06156c4e0c8d,b1e868b2-48af-482a-bd52-425759e65c60
121557a5-5cf7-40a0-9b02-8779f201df38,46b08a38-bddf-41a6-be37-b50886b1d5ac
1225f60f-601a-4828-b0a2-5d406e9343c2,e12723df-dc58-4fa9-afc1-e2650e310c03
17d1cc4b-9d87-4ee0-9568-36a23dee7385,1a93aea0-feda-461b-857f-ae48aa3cbcb2
17d556c7-3b45-4903-ac30-d74ddc57718a,d57c902f-f1a6-40bc-b559-37d475a88850
19e8abd4-f1e4-47b6-afa0-7da404615a17,a1af574f-70f8-4b46-8867-94c558a66268
1b238b17-3bd6-4820-825e-a5fcf0802470,1c967bc6-abbd-4ad9-a073-dd0cabc53be0
1b711e5c-66ac-4298-ae7e-0f8ac6016dec,54f03172-d11b-4354-8a0b-646726e0874c
1cdb84c1-a494-42c7-8fc6-abf6aa8b9769,1d8179fd-21e2-4e18-a095-149392f9ff56
203252f2-2591-43d7-91f4-f6f60535576c,8262b282-d89f-47f5-b6d5-0f4ad0631492
20b48468-c869-4c37-b4f6-dbd46e6d8450,2d046cab-d235-411c-89f5-83ab20846efc
22909bd1-6249-400e-9b5a-3a46895698a2,f1b3d28d-5123-467f-8b9c-7a8ece28706c
22ea168e-2587-4838-838c-bc2f8ce53103,f901b414-f42c-475a-8a8e-64c626d7acb4
23b57fbe-1da9-4703-b6f7-fb30bb8af376,4e1a900a-c899-4dfe-a9a9-12289fed9ca9
2591250d-3dde-4f8b-b0da-0d0ead2d45e6,95d8ee22-e1ce-4044-a42a-e80377379bde
270f4eb6-8148-4bbd-9910-09475340cffb,dbf275a6-8a31-4c9b-b1c4-132a83584153
27a9720d-4d6b-4656-bf50-2ed39776d38a,6e6895a3-f285-414e-983e-884e6ea4f6e3
287c0864-7afa-4f15-b811-7fe191e9f8a9,7bd4948b-a8bb-4a7c-9233-8cd5193d70bb
297230ee-19ed-4ed6-934c-eabe32d07911,53659374-a94b-498e-9029-2af02fa1251f
2d2cdef9-c690-4537-b2a4-f0da15e57d77,c314e97d-a023-4e49-81df-977ae39651c6
2db1659f-9aa2-4315-b4aa-b00a69c4f3f2,df53548d-4d44-4691-8a2c-3331c86f0c45
2f419e71-0aef-4924-b284-91a61bc4e953,9d6bb440-6ea1-469f-8415-d8ae8f201f80
32ed7aac-229c-4b07-b568-f1e8e6f9ee37,ecf1e20f-6fe4-47a9-81e9-0cd91d44adfb
34884ecf-896b-4817-8dc9-1c4a1ca98c38,3600f8a8-43a4-4022-b95a-8f2b7d13322d
35cb8e9d-d251-4c91-bb76-5a4924dc597a,d516ad98-dd1f-4bc2-b575-af33a3f859e3
3707b060-c28f-4361-88a0-f2854890bd85,22ed144d-dcd4-4e63-a9e5-398ed018e535
3b3a6019-a83b-434d-926f-135078efde5e,8a8e7d26-cf41-4d09-a5c1-6b698fd8fba4
3bf67b0a-e76b-4f36-afbe-89933acb89bd,235ee279-60c1-4051-99fb-7c31c7d13958
3cbf69c3-822e-47e8-bf7f-6f3429cd6abe,b63bfd90-6464-468a-98c6-941331c5b4bd
3d6fbc01-b25c-4145-8293-5c4bc68f9ffc,0e875c5d-2cd8-4063-b1bb-b8f5821edb9f
4068c481-1b0f-4d3d-8c59-cfa4c8dfa124,f709b490-df5d-4a60-a09c-daafa127bb9c
4076d7bd-e965-461e-b213-483f0a14ea6c,daeec848-673d-4cee-b584-aa552a363ce7
4090de90-1df9-4e92-bfc5-8d22c2f8eaee,0cd3efa5-5129-4da9-8652-28db71c82c8c
41b29c94-25c8-4566-9287-34c3d5fc1809,756d577b-ee5f-4a37-ba86-d5c72b8138f8
42bcdb3c-5c36-4970-9cc0-851d5bef0baa,31e32478-9a77-4813-93b7-4839650d1e71
454c764e-7531-4d0e-9b40-568860445626,8f09c208-fb97-46fa-be62-3d87f472fb1b
45df3fee-8071-4e32-8de7-b2dbf0a492f9,3a180ab7-6129-42e2-b0f2-a99f70616a5c
46865484-c1d1-42ca-9f42-c73a4c546ad9,40121d40-15af-4037-9bda-f2dba8927aaf
46ee55f3-68fa-4a86-a614-a8a0f850c27e,a45095ec-685e-4525-9778-65c855464322
4820e1d1-353f-4baa-a1b6-980eaae469e1,88b103d6-d8b1-4ea9-82d4-ae40877489fa
4a9ec86c-8209-4ac2-8322-bfd27db73edd,17a3dcff-8feb-4ba9-9a56-dbcd1adbec45
4ea0c284-f575-4e3e-b2a3-84f1b623f0e8,b778f226-7da0-4949-b6f4-938c4d8401a5
4ef39050-3af2-4a3a-8ea6-61a379d7d0e5,d7f44a33-9815-406b-b279-db59de6b3b20
4fc5c2d4-ec52-43b5-8721-58047a602802,e6f74e04-29d1-499d-a0b9-0fea2297f2e7
50a06a60-3366-46a9-85f1-dd879b7765ed,3fd474c5-906d-4bd8-9082-ee1076f93b99
51ec4ece-0d37-4d3b-8334-61b8ecd8eea6,ea3dc3d6-93e2-428c-a56f-f30bf2ecb04b
51f63541-0493-4fcf-8320-2dba1ad3fd0c,7880aa9b-2b21-412b-ad25-97dd8c401ee0
52a0ccb7-3ddd-4731-9c19-9074f388de8e,3c53b7e5-6b2f-4ee1-b3dd-57735f47301b
52c3b570-ab8a-4989-8eb9-28f2dcffb65e,28d94c5e-7b87-4d49-924d-3dfa565c20d5
541a0131-f24b-48cf-800a-0fc9616a0622,214851ff-05aa-4193-962d-ab0fe731a2f9
577201d1-2df3-4425-be52-8430cd8fd6fe,8e928bc9-1913-41ab-b637-de9334cb791c
58d212a6-6925-4152-952a-380261985a88,57195e61-0c01-46c8-bd1a-3c89b31ba370
5d2884c9-42b4-4236-b855-4b8e1c5e4671,70012b5d-8c4e-4103-9cac-4c263e9301c5
5d3cbee4-5cbc-4ce6-98a8-302c6d7833e5,aad16ac4-9c53-42c3-a100-e0ee37e2f26f
5da0e125-c776-47b4-94e3-6d20c62763e3,93a1ef52-beef-46ad-a790-b33c47f858ea
5e7ea9c5-28be-4ccc-ac1f-eeafa8a5d61b,a4045c30-c194-4353-b596-f6737fe93208
60c5bb24-c721-4dde-aa2d-ff7ea07a6884,ddabaa41-4584-4d08-9c45-2ead44788113
634feb94-394e-4860-a41d-a4e2f489a931,af454153-b1e6-4e08-bb31-fe668d3ec93e
638b68df-332d-4ded-9408-9602a8299e71,42dd1753-89e0-4e75-9556-d84081d346dd
666f03ca-448f-446e-9228-e9efd584077a,2c8f3240-2c05-4df7-b215-b04c7d7b032b
66bf1739-a7f9-449c-9009-481068dcb50b,b2042e6c-b1a1-4a0a-afbf-223f9ce3959f
69fc88d5-620e-4d6d-981d-4d24f011f0d0,fede8437-5531-42bb-86a7-d7123fbbf504
69fe0017-13d5-48bf-882a-8de1db439dd4,0cf9fb32-1983-470e-b022-deae4a1e0cf1
6b8dac8d-bcad-4af9-b3a4-bbe4b0886d2d,4eb203e1-7870-40f1-8b84-03ba952d4c44
6f37ad8e-93a0-40d2-b43e-1f7cc9e195b6,afe38b04-889b-4220-aabc-26e9754be69e
6fa80990-31fd-437a-9a67-aedc27489141,5bf0c911-5815-47d9-8b78-bff5b4f0f50b
700dcd07-2ba5-4360-80a0-75339178addf,026e241b-bccc-4245-aa6e-e4daafa2abb0
70de702f-3bad-492f-b4d2-1d22ff31a09c,8c6dcce1-018d-4294-84d4-5a9cd5554f57
73f6a5a5-53f2-4067-9c7c-5200ab8efb85,b9f8914d-ea12-4729-ba6f-d8db8afde74c
74959199-9271-4353-844f-4819ba4f3f14,c8e1b387-ca3e-4486-9ca5-8bb6605b2a56
749ba546-5a3a-4f31-bbbd-3a015adbd36a,dc2b75a7-1f66-430d-86d6-bdb81037663c
74e37d6f-e45b-4f88-858b-e0f8ffd1937a,b6a67b0a-bff8-4fb7-9d7c-219f9df3b182
7a1ce84e-ce37-488e-91fc-a21f24f09248,9a0ba26a-f6bd-4714-83a9-24063b60e1c4
7a3d4f26-0cde-4a1b-8a2c-f36070e7499d,eb4fa1e2-adc0-4d38-bc40-9951a0eed56c
7b05a65a-8b90-46a2-bc23-4fd434cfb36d,cbbf91dd-1e5c-4252-9f92-1e966fe87487
7c2c6757-3047-494e-8b13-2acc2ae54060,df23da1d-1e8b-435d-a828-76578dd1fca9
7da5a062-e2cb-4c8a-acd4-2e600340dc83,d55d667c-763d-4d18-ad29-9cb578089736
7e1467c7-83bb-41a5-8bd2-aba07d336fd4,04dde6ed-188e-42b3-8483-0f47d53dd56e
81141d70-53d0-4864-ba9a-492ba667af87,0455ad26-8ba0-405b-a9a7-d4baf34fb16c
819654ab-832c-4866-8f4d-450f42c7fbc9,6e6becc8-cc6a-4870-acbd-bd63cd68dc85
8c86c5d3-08d7-4b88-83fb-e74283a6fe3e,e0199df3-93c9-4072-9751-6c681171d38c
90ecceaa-a3f1-4cdd-8e61-96d76bd1b160,baa8b949-a8db-47cf-bc35-47285a0d2f76
930a9778-6a1a-4980-bed8-caa3ca055775,a3bb84c0-b5d9-4f40-b52f-45cdecefb477
95cb73d5-927f-41c2-9546-9b041de95bf0,7895a07a-6a7e-485b-9e40-d7df4e368977
95ce0610-1fac-4fbf-9f51-25fb002fd035,90b1c72b-f3df-4e58-87c6-05c3bcf664be
95cf5ef7-0942-4efc-af5e-b9301d3280d0,a49c7236-ff8d-4b75-a661-30558bf1b57e
97fe31f3-dcc8-40d3-9f70-508a03abd48a,f63d48a2-5b05-4907-9255-52ad9a6f400c
9925a8e6-ed73-4817-acbb-e844b70df187,d3502ebd-01c2-4525-94fb-d0e9dfbf4626
9ba5fa01-639d-4f65-a8f5-6799c0132f1e,ef188465-bc20-4153-a34a-a67d63e8fecb
9da40fe2-ab05-45b2-90b1-16d80d252e0b,617d3bb6-8667-4f6b-a21c-379ec9205b70
a082ce4b-8133-4bb8-8deb-ad8e6a2a7faa,b84b8058-72c2-4e6c-8ff8-170373902937
a32b42cd-8d13-4301-bf16-fef767049670,dd47cb8d-403d-4e10-9891-c5781ae64b4e
a3992457-b75c-4237-baf2-c9c249e81e2b,fd689a94-565c-4555-b49a-ab99c5f9a0d8
a437ddab-f9c3-47b5-9acc-e20802c71e41,5073b1f3-1d5a-4ca6-80d7-d38f73586510
a5e2f0f4-d441-4b7e-ad45-2af468d6bf56,748bfd84-c9c8-4eef-a772-a92e10e81f14
a7a8b4fa-c730-4b24-ac39-0ada60ce6b9e,5cbd4cc8-c1ef-48e8-ad8f-f00424a4ad7d
acd98131-e252-4adf-8000-84758282ea95,0e13dfad-664c-4f36-b3d0-07a19a487eba
ad4838ea-b5b7-4cdd-9bab-cf1f5d51217c,67cfc277-ebe9-4767-b210-ea512dc66c60
b09a2eac-c2b4-48fd-8d10-c2d99f0e1679,01d59a82-b8b7-40cc-91dd-84efc6cfcb28
b109860f-1a89-4dda-b922-f06701f448f7,a8b92ecb-0acb-43f5-a07e-f8f75725b0df
b1e9039f-d398-4d88-bf47-4e85591ee3ba,61a02126-b531-4e0c-a5c1-6f3a06281366
b4c95cf4-9223-4c1a-9978-7428819d628d,766362ab-9302-4dca-9bdc-81c6c6e5ff56
b93c29a6-c7ce-494e-8737-058c20839c9f,f7050b62-ae47-4434-9fbd-461bdd7c9159
ba1a8a21-4341-41a2-92ff-6fdb1f4e9360,a4aa089d-4e2c-45c2-bdd2-1f33efb14721
bba41063-cd99-485e-b7c8-9061f830a331,2f05bd7b-3585-4163-a567-427c16337f54
bd941aa0-25fe-42f2-b8e5-fca14aece262,797eb149-ff40-473e-a3a3-4c5bd939c9a3
bf2d6519-6dd3-4726-bd7b-78dfdb76e746,148d2e62-9389-49d0-891c-b3cc0d90c14d
c965bfd3-c20b-4bda-bcc5-72d644920712,5667ab39-3082-4dae-9b60-3c62194c74e1
cbdf54d0-100c-431c-8278-dc1cc1fcc792,32edb807-3caa-41e2-8db5-3fee4058ee5b
cbf47d3c-7555-44e8-bca2-036018a8b4e6,0ae59be3-720c-4d82-9bdb-886f1ac532b0
cf9aaa08-ae28-465c-85c3-75cc4584f182,628a63b6-6f15-475a-bfcd-d76d4cf29e6b
cfd5e301-ed10-44a6-94a0-3173e60a1bf6,49fc15cc-ffb1-4fce-8224-85eb62a663fc
d0e83555-868c-4d03-99dc-8ac323bc2c2f,e543c342-6365-4974-ad02-836ae0101efc
d21e9509-d5ce-42b7-95b3-25042867d2e1,889cde6e-4b98-4c37-ad23-7e08d28b529d
d21f1469-3e8b-40c9-8d9d-db575649c681,be1e564d-b90f-47a3-97e6-352750f8ff36
d24c241f-ff54-41d2-b0cc-3f4780c07bcc,8b7aebea-9fa8-4a53-9651-c2d8453207e3
d56a55e0-2f0a-4746-9451-8d76a4e9398e,cb297aab-190a-4e41-a873-4870b50ef6ad
d74aea53-c6ae-4a7d-ba68-68d102b13294,3b2e4b1b-3574-4e83-8617-5aa102e7325e
d8467d26-1254-49e9-bdfa-6d7688cc4cf5,de78cce2-2cca-4bfd-8257-94e06b82c28c
dd916f10-1f4f-4477-ab9a-e644aeed88c6,77f7d06a-2866-41cf-9a17-ed9cafdaf71c
ddee57d3-5e03-43f3-ac3f-673231e23928,a48d3f69-41bb-4bb0-a679-40a7402d75e6
df278766-2f0c-4a94-9017-13774ea22130,45b8f97c-edab-421a-a164-e779707f9353
e0319987-d987-44bd-b2a8-ef01507ad6a3,4932ac1c-a823-4f67-a127-6e4353c93e26
e3d822cf-40a7-44f7-94c6-d1db4bec124b,73d070f8-94de-47f6-9348-a58ae2ebbce6
e5327b04-32e0-4177-903c-a54d56438353,5426f4ea-4383-4931-8db0-f237d65cd97c
e60cf078-d569-4c6f-912a-c4eacc848a4b,c45d2391-5047-4b21-8b15-e1b6cb289818
e81fff3a-c7f7-4edc-affb-2130397410b1,cca6d618-fc71-4e5f-821a-1b4156277871
ec0e6f7e-9c40-4c7a-b610-fe949fc8753c,390f4d35-538a-432e-a7d3-3671cca87db1
ef16e337-20ce-49c1-ac66-241ca3124c15,5accc717-fc7d-487a-86ef-e793b89ba4a1
f20b0696-86e9-49f4-8ade-fbfafef03e12,cf6ab602-0c90-40ff-9a8c-e041371f985a
f477c113-52c8-4372-954b-890326c58ced,7a5cd3ce-7a17-483a-8fbb-c1625322811d
f6f897c5-47d7-4899-8c92-671c438d982b,fcd50134-bfdf-4fac-bf02-fa47da5ad9dd
f935a8b4-b9f3-4a2d-85d1-532284ce9a5c,b1ea3a42-3a45-4aac-9505-4ead8df82298
f967ac1b-60c5-4fa5-99ca-6aa04ec6d0d3,1b543f51-fc97-43c0-879b-8cbbc2e56849
fca1c8b8-03aa-4e09-ad2d-5df26c54baaf,68e2e1f0-4925-45c4-a322-1ef9440905a8
fe32d648-1895-413e-8115-a45d48c8b9da,d97cb37f-723e-4f46-bdbd-08afd5f292a0
0010d9b0-ec29-4ab0-b25a-9a1a87108dd2,95764e9f-184c-4561-804e-cc53d7187dfb
0377c12e-91af-43ee-8e04-d2e8f7915be0,69e8d97b-fe7d-48aa-97c9-a4d437d9ed9f
06362edc-8f38-449b-a23e-2fffc0374ac8,3b3c705c-dc85-4360-a680-637e4a39ad24
081097d8-27b7-4fb8-a6ca-fb280d818f11,82fb39c2-5c3f-453b-a933-67f3de187e92
0b5f373d-a838-49d1-9f92-b65522c741a5,0af0e6ea-54ea-4698-81f7-26f871c7b511
0bcb899a-60c9-43be-b571-f4f8c496e89b,5007a0eb-9231-486e-a87e-a7470c9277bf
0cd6f58e-faac-4a54-a962-2edb8fed4592,803ccf9b-845b-4da6-9ce7-606cbb9d733a
0d1f4ee2-ed20-497c-a589-916ab694008b,499f4cc8-bdcd-4393-a29f-3c29a323e1f1
0de3eaac-0788-4d62-bd45-a9149e30e88a,7e64c71f-49c7-43b4-a39a-cd1290f06705
122bb30a-d69d-4056-875a-b0159800f5a9,b91e3d1d-afbd-4b0f-a58d-9ab74222a962
19b551ac-893a-49af-8c1d-23e0bee928d8,e809772b-7cff-4019-bb87-edbb7cd55259
1a91cb54-3b13-42b7-8cef-bb8310760a91,389e07a6-c08a-4d90-a45f-07c2e22a15bf
1bec6764-c00c-4f92-a227-4ddac14811e8,449181ce-287e-4cd1-bcb2-9a773ad1ab79
1bf3aa2b-60cd-4b36-9d94-8ecb27d1c7e6,b494ac04-20d8-423a-aa71-0c2f276ba1ba
1c3d0fa4-c77e-43b9-bf78-2eb24c3bd516,5d77606e-d408-44ff-bec7-8977e8a33b5d
22b554ca-6b46-4153-aebe-f573d5266de7,0acdd4ad-47dd-4f72-891a-db924a8ba3f0
22bd4cca-654d-4df7-8670-c06e6de47ba2,c8f1d5d4-8752-4a6f-8b78-1bf6402ca4fe
22c4bb2a-2de5-4627-bba2-d618605d9d42,513e0989-869c-4fc4-8b46-56b44cf0baf2
2364b9e2-5c7b-4bb6-81f1-219a045ad614,44aa0ecc-4ff7-4294-97cd-93ec757d12a6
239f95ad-00ff-4c7c-99b3-18acb567d312,d239f16a-d0a9-4ecc-85f6-0b514ae6894f
2616e60e-7a10-4141-b516-174173a1bde4,63072c8a-ee92-45fa-80a0-0f86d3e60e73
28838fda-3a72-4237-9c6d-ae11188b241e,cdcdb22b-29b1-4d5e-8fdc-dba348d2e44a
28c01f9f-2502-4488-a144-71a31f21d0d4,00634133-494c-4e64-b41e-9efb64cda3aa
28d3b581-08e7-466b-870c-a0e7e8e2ad20,096150dc-646f-442e-8cc2-9a4b951757a1
28d8851a-0d94-48f5-a7ca-b7584376d16f,4db03c88-d9a4-4f2c-ba4d-12546aad7f88
2b271fd8-9e0c-4aee-9c46-89f2fc274609,a3d78d74-9e64-4e17-a976-0f26ec8648d2
2c19725a-49ae-45bf-b776-95ce1dbda6b3,2d8d980b-597e-4c10-b3ea-1aedbbae2146
2c54c399-b393-4c4c-a79c-9f2ac5a31b0b,56782790-6c68-4123-999a-6a1519e33ed6
2c6c1dea-9a2c-4577-8895-230264ea9028,d90c03c9-48e3-4870-96cc-d646e36cdb26
30d6a876-bb4e-44a6-b91c-7c2aa2fb43bc,6a00c136-994a-4a8d-9472-532cc7059abe
326cdf4f-38dc-450c-8fb4-2156ce6a6b20,7e96364d-6897-467f-a5df-995369dffb4d
327694af-5194-468e-a68f-debab7cfc91b,d031d63f-f245-428e-a1cf-bd95e153e314
327a2ec3-dce7-4b15-b00f-facd907a0751,ee7bf1d4-f1b5-4b45-9e65-fe0f2bd21d89
35dfd27d-237e-4ab2-af3a-91d96f3bd9a4,d5a1f894-c761-4389-aa68-b2c347b6a2f6
37d584c2-5bc1-422b-bbbd-e1226c8e139e,d9f7079b-1d72-4cce-8387-28d5363c3039
3921a728-e4d6-4d88-9dfd-cf17b1768ebd,1bd103e1-038d-422b-b508-240ca7aac96a
3a60f2a8-47e4-48d0-9722-3c5582b72a41,66de186e-336e-4ee2-8ba5-445771c7019f
3ae462fd-27e3-4b13-8127-0c0bdb016fc4,aaae7a06-f349-4ae2-b866-daa845db22fe
3bd557b7-1207-4617-985d-ac84e8a62634,a7f29d29-ad3a-469f-a50b-ca4953d878c4
3e8e8d5b-d6aa-4050-9470-8dc0f286fa94,ea7759bb-3fb5-49f1-b609-d2b5f07d483d
3f37d02f-464a-4d85-8604-ea6a6e8534ad,24a7f817-2488-4f85-976f-4a0867dab129
3f90ecf0-f15b-4426-8d85-23c3d2ce341c,209d9d73-4059-41fd-bf9f-52763aa19f78
40145a5f-2c0a-4a6a-924c-af9efd105615,0fda75eb-f890-4511-bde0-6a5d05ee60fd
438f1195-99fc-4c5f-aa8a-9a813131924e,5961f3d8-ea5a-4f4f-87a5-529c14887e5a
467afd22-6682-45b9-8ba7-a0e87b0c09e7,6f216aa4-474c-4204-99cd-ccaed5bcbe89
4806ea2e-ac6f-4177-8162-20e922436a11,d23a41d7-8061-4b4e-b75c-4b00579ac7b1
4aa945a6-3fde-44e8-a2b4-bd7eeb7c5266,050b1fce-32da-45b6-8ed8-21391abc5979
5082630b-c92d-492b-9e5a-5419d26d6dca,ff0b6b3e-f084-4f37-9f11-6bba28452ad1
512a903e-0856-44d2-83d1-ee0512df8e90,32629350-2c44-4679-a8df-7a1cfa93ddeb
539ec249-083f-431c-a093-bad2aab21886,5fd48d2f-6b74-401b-a213-f20d1c2d6499
53b37d1f-2aba-4564-846c-2403a77a9e3d,8b434ef2-ef63-4d95-8d21-a599d5ea0615
53cfeb78-aa5c-4256-a463-358ca04520e6,d678809d-96dd-4b1a-b278-f0083881eb6a
5742a9a1-07e0-4e1e-8a25-b2c3ee6be438,0b517bc8-7acf-4771-b52a-8c49234e6ad4
5a6b2877-a6a8-4529-a9dc-827b0e5c4123,7d06107d-aa81-4263-9c11-56a195049ddd
5c35ef9b-be8e-4ef4-aa74-61759291e0f4,03b22b5c-db67-4d0c-af37-772134a9ced8
5c7a09ac-9803-41b5-88e2-68d55160749d,88a59d8b-7db5-477e-9136-52b414736f19
5d8bee3b-f614-4fd7-adcf-86e78ad94fd6,ebf7509f-bbea-4b74-b3af-db47368e3220
635cfe10-0edc-456d-b9c6-ddf81d5937f1,935815fa-e15f-4a40-a7cd-8bc586803469
64cb5d64-0992-4086-9c10-364ef750186f,db9250b0-9c00-4910-ac6b-dbd9919daef4
6972f13d-f067-4d11-ac12-de219adf91cd,3fb8995c-0abc-4b8d-930b-b212ee9c3e92
6d434754-fcb3-4cfc-9a80-78d1a5ab9691,e1cd31e2-dabd-4686-8da1-c4d465b16390
6ffa79a8-94a8-4d01-b5c2-b7e7ef6f0b74,ffc3cab1-b8f2-4bec-ab5d-ab641231fa97
702c94e2-54c7-4f6b-b88a-6653830f8de7,d9b872e2-facd-4804-94b7-27f31db80fee
71b34bef-f4d6-4ce9-a541-579a2f6186da,1796b8e0-f1a2-46cd-852a-f10a72a2d124
71f38d30-b08c-421d-ba9d-28fb9d851792,82f38991-09c0-466b-bb21-e9f710fbcbc4
76281430-72ea-4f5b-b064-306dbf0e1ed7,92dd5762-5924-4f02-9c4d-94833f224548
799422b6-1e5a-4cd2-8587-19ce9e695dad,35afd7da-ad58-439d-a3c3-d1db1646eb25
7a40589e-0828-4eb0-90fb-a7e1a828fa74,a311e719-002a-486f-8c08-6d917e05120a
7bb2a32d-0232-440c-b008-0405e1cdc5d5,e630d8cb-587b-4982-a51c-9fe13db2e2f7
7e1669cb-5498-403e-8bb8-994f191c4d22,144b4ce8-e36e-4e5d-8019-1bac3d9ea85b
83337200-3e1f-4a11-8177-de83111d67bc,e7ce7277-d40f-4e18-8bf0-f86386bb0306
83a2f43b-8840-4e21-8f7e-dcc16a35e027,5a6d8b8b-b8d1-4012-9882-0c2a24115527
852212bb-9ddb-45c5-a752-db1818f9790c,8e56b8d5-14d5-4638-8e20-060d4a64b786
8846a80b-5fa3-4dfe-8032-1b5dcf42e2e5,a2822c3e-d04f-4be1-9af6-5d00bf6dba00
8a12ccb8-8f45-4f64-97ec-bb690f8b84aa,eb20b626-8049-461e-81dd-300f1b97e690
8cc345de-2152-4864-aa32-4b13667b1377,674ab461-d727-4576-9659-43a8ecebe983
8e41795c-591d-43fc-ab0a-26aee67c7c5e,b89f1999-df44-496f-aedd-6315e834da7b
8ee9850a-5eb1-41b7-8065-815b424d2670,e94d4dc4-5526-4b24-a789-d816252c5da9
8fa54c8f-8b85-4a7a-8105-12ef37c422b1,9c75ed71-8f92-4581-bdf8-5faa3f814b97
90c6a594-81de-4a13-b962-9ded257622e2,a0bab37d-2691-484e-86b5-d9b701ce2d95
9320b5fb-a7ba-465d-811b-5130549f9814,edd62214-de69-4872-a7fc-0f98d765cd50
97598bac-2d60-4ae4-bf33-0ce5e58f3c6f,7ac5028a-aae0-490b-a491-027d9f71160b
97f93137-d706-4c9e-9a3c-d6759df9e7ea,2567b709-29d3-4fea-8d51-5c37128e2d9d
9849909f-60f8-4b89-81a3-a9c1d686c23e,c36b1cf1-63ce-4766-968e-9cc66470d623
9944ee32-1cb4-4255-8f9b-1f05482f469c,f0f497dc-9d3b-4c87-9289-d93b415dcff3
9d4fa093-828f-4a9f-9b4e-e44f4673cd6a,f99a461f-d1c4-4fde-9cd6-e790c869c3af
a42814da-e980-4324-ba0a-0f4299f439af,214a3288-85b8-45c4-b01f-12f6e2e8b037
a5ff0c69-2eed-4e41-9c46-70aa4973804e,785d7d8e-2890-421e-ace6-e4e06e48ba16
a72da7e0-9f9d-402b-b1f0-d1acd14a18c7,3e86b8e9-fccb-45bd-b7a6-3c190be978aa
a832adb8-e349-49f9-a19b-f5aabac4b58c,89171e33-4eac-4463-a8c4-631d33ac601e
a87caa3e-c7da-4654-8cd5-ebad405e398a,13ab9a33-5e03-4bb8-97fb-069b164fe3e4
ae37b855-a29b-4f8b-ab5c-09934acedf63,37e600a3-571d-46ad-9fbd-9f55a5dc3382
aec92f4e-44c0-4e07-8ad7-759d381ca982,a581e5c9-e51e-4525-95df-4f34e5ecf901
aef56d04-8375-4c4f-a9b5-df3fe42b9220,556f04cb-c329-42f8-8649-89162d8d64e3
afd25017-3d8d-46a5-a453-6ba8306a55ef,5292d56f-0eda-4232-910f-1f4e395ea03f
b039b29b-ff84-4429-a540-ccb5d89d7cc8,228fc1d3-1f3f-4920-8530-7b9f8fcf920d
b117b54d-ba45-4cc1-98ec-2654e93b657a,32dc9fe2-e44f-44f8-8c05-e720df43b587
b3e395e1-96a9-47cf-87dd-2be74335bfc8,465ccb34-8522-4fdb-86be-99ca47942544
b3e713ec-cc30-4e7c-9ad4-d025cbbc6680,386ac7a0-6a42-43fe-963c-c4dd9e22495f
b5606a57-bf98-46ed-939a-10bed40340bf,7d8af98e-bc16-40fb-b9c6-6375bee13eff
bc6ded31-f446-4ac7-b173-20b24e4a00fe,b4d565fb-1382-4bc9-ab80-1c20b5ea2b06
bf12d559-1b55-4ff9-907d-5d64b42e020d,5b29a2e2-1f75-42cd-8240-415621aaa6a4
c0a15cd9-521a-44fe-8e75-a9783a7c31a5,a75304e6-ad25-4d22-8299-3ecf928e425c
c133296d-f709-454b-87bf-476ead50d819,b2209b8f-56c1-443e-9ded-eafd7824ddd4
c18367aa-c65a-4fe1-80ee-cd8b712f0961,4584958b-75e2-433e-a012-3403023089df
c546397d-c96b-486a-b1cc-45aeaee24d78,188293a1-7a1e-47a4-a6c6-f45f8b97fbc9
c7642ae9-1557-4e50-a24f-ef69b8badbf6,9917c452-0987-4971-9773-3e0195505288
c7718302-7c8d-424d-bc61-4cb134ce4e5e,35b4fde0-4af0-4757-bc87-08d60f780ea4
c85b46a5-8af1-420b-a393-99ebb60f3d72,1455bdba-4928-4f09-9519-81c4ac276093
c95c8347-2cda-4ea7-a405-2ba187351d0a,b3de5aab-2235-4343-bf61-884d992242ad
d04328c3-db6a-4196-ab5b-22fe95309bf4,a21393ae-5217-4382-9b2d-4f8561c71cd7
d1e428e1-0463-49e2-8bd5-299c8ad8269c,756c0c37-4d89-4c63-98f8-0265cce37513
d3e2e595-7bf8-4aa7-a558-c9ef11be8841,204821f2-32f2-4867-af03-f643a42b33f4
d4dd25db-1ec6-4931-9ea6-2f14be55f777,4a199349-a1fe-4a99-a0f5-f79f77301ba6
d63e7bde-70d1-4ee4-aac9-98640a91ac26,78f9c397-33b8-4e05-8a05-27a5eea8f6b6
d663c291-6397-4cce-aa4c-6d5b2bd7ebec,388c1d5b-8407-48d5-ba6a-681ee515cfd2
d6f8998a-594e-473f-8fbe-82211b02f1f1,e5493b82-a209-4657-8299-a8fd0ebe0d4c
d7a26fa5-bcee-4a05-a5e5-966a6d2c7ce2,a8997838-d199-42d8-81ca-21b4bf33c5d8
d81ded4c-4502-4ba8-abc3-d0b9586d5169,7cfc4274-166d-444c-97c3-c399845258f2
db307413-697e-4e64-b972-ace8b150ed74,6885020c-2b22-4d99-a4c8-41862e3c4aa9
de21bb62-ae6f-4ee5-a0c6-2465e5a2b491,00ff0337-304d-4e52-b0f2-b44609fead9d
e0bfc79a-6acd-46fd-a281-47e7a8bbeb91,4c8ce87d-3b3c-40c2-80ec-1af55890cc9b
e5291657-c073-4cc8-a640-76da110185dd,36b5b358-a2cc-4838-ac5c-0cc46d0cb656
e5d344ba-83d2-443c-92e3-7ca7546674f3,b25b0712-ad80-4790-9dee-31a6f10a2174
e8681ce8-c125-4640-9583-2404b7603e41,0ac38f20-d0f4-44dc-bf55-d895ffbbefe8
eb32812d-aaec-4f91-b9a8-0cc158cbbf50,ab09347d-699f-4137-9497-1398f654d07b
f0757925-8753-427f-bf6a-5f695a04c999,919cb06d-5809-428e-9a1a-6329ffd7cd7f
f0ff32b0-9818-4f67-886f-894004325962,abfdae2a-9c18-4fdb-b585-80b601c0d924
f24bfdbd-32d7-4e79-9199-3e4354df42a7,78b8f876-231a-476a-b616-7d3a991999e1
f3a3eba6-545b-4089-a150-df34c6c2b5b5,1d3190d7-16c3-4417-898e-57b95d09331b
f44955d7-60e3-45a2-8191-af416bfb61e0,3b84d88a-3155-4ff6-af68-1b5deffbf95a
f6461300-2e7b-427e-a926-7b58b2d31fe9,383cf0ac-e007-4d61-82e2-94c1eaeba909
f82fcc75-6160-435b-9ca1-03302716319c,990ddd18-94f1-498f-8f21-c617f3fe8ff2
f9e58e6a-db2a-479d-b909-94e59d26649c,37e66a2e-7612-4711-91ea-0cbfc6135725
fa61de0d-63e9-42f3-a99a-79ba3ab95b43,c4ef87dc-86f9-48ca-bdb9-31d40867fd51
fabade19-3fe6-4fb4-be3f-7a1c169f7458,123be7ef-87f1-4b35-b424-80b589619c29
fb0f8c8f-7b41-4049-b859-b2abfec66d1a,971c4bc9-3dd0-418e-9516-6381929f5855
fbb77272-6393-44bb-9934-e672ca51c4f2,e103282a-89db-41dc-a63d-e3038476e97a
fd679aab-4ae2-450c-9fb7-08e2acab2c8d,c8da7f65-78c1-43f7-88c3-b7c0064df4b4
fdc17c27-063f-4fd2-ad34-b4ecea9279ad,efb5449c-75f1-4f01-aa83-d91fb582833c
fe62d997-66df-4c28-b874-9aa862b1555d,6bc8cce5-b8ff-43d0-b308-fb704aa6391d
01246523-73e6-4c3a-9eb0-1f8aa338dd7d,1cd9bd4c-fdaa-4391-baf5-175e712e0e5f
015baba0-b384-42aa-a07b-02294d9ba14e,a12b617e-91ae-4de3-bb86-c8235f545600
02175de7-4e6b-4802-8a02-57a0a870f76c,7e8dbbb9-9c5e-4adb-bab9-136e34fac5db
059c3dd4-409b-4d29-8bc7-2ae0505da5ff,21aff1d3-d612-4f91-bd0d-86565348174f
05ecd0f7-2baa-4782-b0d7-f45e3a5e652a,021f6e95-2da1-4186-907c-ebe60f8d0e8b
0698adb9-ce89-4681-98ca-38169dabc023,5c3f9af0-e0b5-40e0-b0c5-b89644289906
06c860ba-5649-4fd1-8000-9f9bb2de4aec,e6cae574-625c-4f74-b118-57fd7fa5e8ae
086fe612-1591-4a25-97bf-d4e4c9d3b295,69a0926c-855a-48cd-8214-b5a42ecba980
091396a4-59fc-473c-866f-d23ce444ff30,f33722e2-3969-4fa9-888c-7c60782aab48
0a5c9f6b-f920-4905-ab1c-25c2f2d73b70,bb0417a0-a550-4b6c-917e-f2ab27305fe8
11519e1e-11ca-48f6-aabd-33e5db1de6f3,272cfd78-a7e1-4938-880a-badde63fa02c
1238bfbc-3ae3-45c2-947c-4fba316e3890,211c9b45-ca64-4a5b-b2eb-073a81d1f18c
1631ced3-d27e-464f-8f4a-5b10de52106a,b5e67ca9-f931-4316-9442-17b5f8ca1643
18508f13-1493-4de0-ac1c-3a1f7a0c2eed,ae469fe8-54df-4429-b637-848d7f878abe
1c048ba2-6ad5-464b-80da-5ff34238033c,07475296-57f2-421a-98f3-713614d6142b
1c611ed4-bfd1-4c57-b1c5-114a4bfc1425,f10ee9d6-e137-4764-8556-b91785f2acb7
2494050f-4c0a-4357-a601-2d590a216a24,f1dcecc6-0525-4273-9f54-705610647f1c
252d3648-29bc-4451-8d44-5dc9d1d2468f,b376bfbe-be27-413a-93da-5549563a9bd5
261c0d2e-0240-4085-8106-2b60099a511d,94760128-31d6-48ce-8983-2b2db0b48e43
2743e55d-86b1-4226-a59c-cef6f4dbc7f5,60a551c1-bd06-4a53-a5c6-371fc393ac8d
27c01316-2a6a-47a3-b5b9-f789ef7ae416,8b104735-6d93-4cc2-a36b-948d866c8a1a
2802d515-fa26-47b7-940a-9a43c1b857c1,37703af0-c733-466f-abfe-c6fa51cfb130
29b0f863-57ab-4694-8a7c-8588c7029465,9bcb50a7-16fd-4ac0-9c82-8d00878319c1
2f054ab2-7d58-4247-a3ad-3977d8dce2c1,48bc3ff0-f2ee-45a7-acd3-f4033d791fa6
31359f02-9766-419c-afc4-2e42d86d7935,8f83be8c-fee6-4144-8689-bda6cd8aae11
32851ffe-fc92-4148-81ab-7ebe31d8cfd4,4d0aee5e-4bb6-49bf-99c8-5f5334614922
32d5089a-3642-4996-a9da-5ab5bcabf5ef,d063af48-0e6b-483c-8613-5dc919a021e3
33ffa488-a769-4430-8b54-489c0c4d2b7e,f30e5aec-91c0-4a1b-bd92-ace56bc5c45c
36d71b66-abec-46ef-8c75-db38e34aaf15,a1fa40f0-3645-4517-b9d5-099df5c6a291
3aee1fa8-6c01-4fec-ae51-bf0f18159c53,6a4de7fa-de84-4a8b-b82b-4663455525a0
3d112f8b-3537-482f-a222-010d02db9dd7,025fe4f5-3a79-4859-b459-4648a95b494b
42490976-82d0-4b8e-82bc-f9eaa79aacad,d6f6b9de-bc95-47be-9e57-00caa9767a24
43ed4760-9bc8-4783-991c-9eba675fbc32,9aac5148-e743-4d09-b107-9c9ff1e3f0f7
471a5a4e-7f75-4d12-b645-6d683f77c8fa,d9d603ac-2165-4fcc-b25a-33490430bf62
4c559834-5945-4694-a079-86872f5b36a6,63794e72-a1af-4885-874f-ccd27df49498
4d803fcd-828d-4b05-88f0-0fa3cc53be6f,be78bd9c-37d9-4782-a691-2fc6af99144d
557b7317-0291-4bf4-84df-6d082d5fd1c0,9c806189-a45b-4fdd-9fa7-c659925e2a4b
57a987f4-56ee-4ef7-b241-2182ca002f05,6dffa4ea-2b57-4615-bf6d-3516110fd131
59d81326-5a37-474c-8ca2-dae286b488fc,852ff8b7-7a22-49b3-9dbf-baf5de7d59ee
5b94365f-395b-4560-ae69-ef7186c7b2cd,ecda118e-cba4-40c8-a432-834aa7b04231
5da1e767-18fd-491f-af65-d4b50fe7fe53,e0f695ae-1853-4ac8-bc3d-aa8dca648be1
5e55d3b3-25ab-4522-bf33-54f41a51c8a2,839e1220-8c7b-4f28-845a-10d40f99f521
629e0ee4-dc71-47d0-8b41-b06e449d5aa5,0055f96f-e7ef-466b-8d9b-9abd7b30ddcc
64ee2559-c08f-4595-80fb-f77c2edf60eb,25fab7a4-6663-49d6-bf15-3a05f3d17847
665af0f6-abdd-4a92-9add-045cc806c28a,71ebd0ce-d007-4ba1-a492-7b1007d3afc8
66db30e6-bc86-4af9-9d63-e5d1c9cb3dc1,4a060832-f582-4244-8bf4-9aca04508f1a
686a3e04-2ba0-4429-8e61-d6c97f46025d,ee3bd318-ee97-4de5-9a2f-b3d4e248f4e8
69be6d3a-45db-49c8-9232-1c90aa776c0c,7eb9e8a1-b043-4e1f-bb64-148e96f9e8a5
6a297eb6-b29d-4771-8750-8f4486d6b9dd,4c341b39-59a0-48e3-bd30-4b544818aa3f
6dad68d7-16ee-4e7c-b50d-671403b30c01,10b71c78-e959-4efb-9834-197f2b548784
72bd33dc-32f4-4c8c-9e2e-0dc26d4d0661,f7a1277f-f888-4352-a4d9-95329a520373
7aaf7c07-89c7-44a0-b16e-8ee21c3276a2,1f414452-fd2a-4eb4-9067-2c6129bf2cc9
843769d1-4861-42ef-8370-db32eebab131,f25d3c9c-3e4f-412c-b544-16100d6319a3
886d09cd-00cd-4a63-9eed-160a568aaa06,0f78f08f-781f-4c69-9d75-fe1f5777abb4
89ed3655-bef0-42b0-a9ed-bc52c07aa0ec,ff279bc3-2abc-4b79-87de-e4002a8ae515
9678e0d1-64fd-456a-bdbf-2e197b58a15f,80d2a296-4bf6-4385-8077-6b40a4e2b807
9808fa1c-1297-48a4-b0dc-b339b1a9dcbb,105f3576-9184-4176-8f1a-8ab644819bf8
9927bb36-f176-48f4-b96c-121ae63099fe,3f5e7996-57a5-4078-89db-3aaf3cf45872
99d6629d-e395-4e5f-b9c5-b29b02b7c7fa,fd654486-de7f-47bb-bd02-61044b30f183
9cb7d52f-e8ad-42d0-a481-12a0ebe20c6b,16d9d7de-399d-4705-ae29-8940969f5ceb
9ecc0ead-87a9-453f-bd5f-25287991a94a,3f49c522-7376-4d19-a008-99261dc78ce0
a143aa19-f5ec-4084-b33f-40ac515ac2cf,1edfa2bd-11df-430a-abfd-27d3a43f8953
a40940e4-7a02-4f19-9129-99be2f03168d,93718f91-a8ba-4778-81dc-6547ee2a2810
a5714cfd-c32d-4e9a-a03b-e6123450c332,4270bdc0-de6b-4b9b-8567-62d14de09479
a6f7c345-2b4a-4a12-adf8-99ecc700355c,0a3811e0-ece2-4a41-b52b-408a38d74f86
a7e979ae-3307-4ca6-ad2d-2730e5ba52ed,470c418f-40d3-4074-98a6-c2541a6f8be3
a9ea08ed-39f9-4781-8dcf-778e00e2065a,eee7412b-9060-41ed-9926-e424c9c4b898
abbde380-c64d-4f2f-b204-92e22ac401e4,9647cbd5-6c8a-4ee0-ad15-8beaa5ee0c75
ae202089-b032-470d-83f1-49bed050da6f,0a703284-8433-4dd6-8674-6c91a72be2c6
b0527c0a-d03d-4515-be85-fa1ffad8891b,1ee46826-dda7-42a5-a44a-31f72cae2c9b
b0b8d2df-b52e-4259-bc8f-a2e49e55c16f,e441dcc2-bc9d-4a1c-a47b-5c5bced3d150
b22e4e53-f744-461e-8bef-b9a9a402830d,73d86dc9-6911-4130-940a-3b757e03f710
b30d27da-5bc5-4fa3-9712-4777e0b58bad,ce1cabc7-4f95-4242-9626-d731a40b7a30
b32c0797-4adf-4849-8086-e74f324f1871,2bfffc24-461a-4b7c-8fd1-bc1ce439ac4b
b54ee4f7-c24a-428a-8828-f955c66bd072,6c1633ea-0a1c-414f-a159-3896a404b843
b559513d-45b4-407e-866d-50db6e44c7e2,ecf99998-9020-4453-9230-ac0733ad0e5e
b8da121b-afbc-424f-a4e4-a644bcbe848c,62b9b24f-e76e-49e0-ac33-44696b6db770
ba0177fc-f95c-4b9a-b7cd-d2d3c6635c05,b21f9a20-9a3d-4151-aaf2-ab57bc4e62c2
bbd9f9f1-c3b6-4d91-b9f3-b3298f302aa3,8203870d-4cf7-4c38-b101-f39587fb7381
bc93a16f-a8ae-4856-9c2f-62c5b2591f55,3255ecbd-760f-44df-983f-212725bb565b
bccffc16-e87e-4e34-9934-bbbc6aad4b74,7c6ada3f-7233-4c00-9090-cd2174a22f2e
bd3d059e-2528-46c9-97dc-2cfe37043483,e364f4b2-03fc-4182-b95c-bf181713e5e8
bda958c2-c723-4036-af8b-865c7e0f99e4,7bda24f6-d815-4597-a3e0-e81371d12b39
bdbd9de4-e201-4f5c-9113-ce5eb6a30500,4efb288a-acc7-42d0-9aff-7b116a4c3a3f
bf657975-3e09-4990-9c51-f806beea810d,50da206f-71d4-449a-a7cd-20d6291a10af
c0907944-25e4-4b70-81be-b11208f17897,90267281-2882-4e0d-a04e-298ba6aa00df
c3680cbb-0560-4ea3-9361-0f7b963a901b,3dc2d1b3-34b2-4999-b501-6edacf9f092f
cdc48aee-b6fb-43e0-ad3e-e7007555dc09,c3397273-0179-4329-8f26-681ec4767d1d
cf1fa94a-8daa-4c84-a3ec-380310944c51,78ca748a-dcd0-4168-9e9a-6a047c82f702
cfa7b392-60c8-4034-9150-7af8f825292f,b51ce595-524a-4686-ad04-7221ea53179d
cff40043-8498-46eb-8a24-490c33e7de1a,dd4eb7bc-4e76-4200-8156-6224b9559b3a
d00407d3-ab18-449b-8288-27cbb9f85ce0,e3cf4d46-9877-4aca-b4fd-bf801bd13532
d39d7225-64cc-4adf-a160-51d8be486dfa,d47d86ba-a3f3-470c-92af-104dc09b36b4
d3ff1818-ffde-4ad2-b333-eec9f67cb74c,feede25c-5cb5-428c-b08c-4846d385d13f
d7eaa618-0fa7-4c5a-bb60-f4cc37aeb2f4,5a3b2466-e237-4bbd-8c75-09395923f5d5
d96aed2a-fada-4ca8-812f-75cb9e03f308,1cd2f72a-cd53-4573-8dd0-7edbeb537d23
da195ed1-14fd-44a4-8a3d-bc58fabcb9d8,fed55a26-c340-4177-aa39-985ca9028532
dac4352b-7198-4e40-a2e4-69da53ddc839,97d417e0-1f0e-4a0e-ae75-40448b98f119
dca2d766-0200-474f-8df4-dcd6309d94c3,e8c475ba-c998-42d4-bda2-a5a43a8037e0
df0a069e-f03d-44e6-abf5-ec9fb1f4a0d1,b57331a5-1b82-4b0d-9f12-83ebe1576158
e39ee2b0-063c-4d7b-87d5-a90ae4124e1d,bf9e7ad2-6399-42ac-9089-87e09680205a
e6a03d03-c5a9-4778-a804-78d9d71f7473,3414763b-c174-4c9a-a239-d53ff753398f
e6e2204b-df84-4359-9d20-2c99e052bfd9,34ed24e0-0037-4e0a-8b18-b735f2d1a28d
e8358515-4aa7-414b-8fc5-b25a0212399b,8090c3e7-8f9a-4e87-b504-e3a4cd08ea62
ea697eb6-2c07-460d-82e6-9f8de4f10755,4eca4daf-7a99-4562-bbb9-d0124af307e9
eaf9e739-a27b-49ac-b7b4-11b5e5859466,f9c1e318-8d62-4605-987e-a1e14bef980a
ed7c84be-fcce-4553-9b31-00f869919f3b,52acf9a5-a9f9-458d-af23-5167a4f64f6a
edf07a84-0246-4db9-aa6f-5581dd127e37,c57dac08-3520-4f88-a90b-cc2281f7715e
eef37748-267d-462a-9e21-e6b0a30e4678,fefca6cd-08d9-409d-aa6d-738f96e39188
f0b775f0-639b-4015-906e-34d87fa0456a,37b080f6-49dd-4f0f-b79a-d087a37cd302
f5b385db-a01e-480d-9d1a-34f9251d1f7c,5f9e34fb-b2ba-4f3e-9c9a-81ccf6ce555e
f62bb011-05c7-4e2b-98f4-b4f27cda26a2,6c30d5f7-ef5d-4b57-885e-e0ffa24ac337
f76e279c-5a4c-443a-8b9e-b5644f852412,f7afb25a-6558-4514-aba4-aa0e1ce86aef
f8de7190-62fd-4d3c-9f12-9054646bfce9,3e34d389-e650-4312-8772-4537b36cbb41
f94467c3-f68d-4be3-9d61-1bfcc5b6561e,c1f1f8a0-d569-4678-92f1-3a6547afd6b8
f94e3e92-555b-4100-961f-b78db89ab09e,49fdd2c5-e4ce-4f47-9f3b-d230a246c509
fd6ff919-95e3-4d84-a932-df46c57ea167,2938a37a-5639-425b-92bb-b4c1f92fe36e
